Name,Cage/Litter,Mouse_ID,Cohort,Sex,Diet,Treatment,Age,bw,bw_gain
CT_CT_C1_L105_P101_F,105,101,1,F,Control,Vehicle,PND1,1.4,0
CT_CT_C1_L105_P102_F,105,102,1,F,Control,Vehicle,PND1,1,0
CT_CT_C1_L105_P103_M,105,103,1,M,Control,Vehicle,PND1,1.2,0
CT_CT_C1_L105_P104_M,105,104,1,M,Control,Vehicle,PND1,1.4,0
CT_CT_C1_L105_P105_M,105,105,1,M,Control,Vehicle,PND1,1.3,0
CT_CT_C1_L105_P106_M,105,106,1,M,Control,Vehicle,PND1,1.2,0
CT_CT_C1_L104_P113_F,104,113,1,F,Control,Vehicle,PND1,1.1,0
CT_CT_C1_L104_P115_F,104,115,1,F,Control,Vehicle,PND1,1.2,0
CT_CT_C1_L104_P116_M,104,116,1,M,Control,Vehicle,PND1,1.2,0
CT_CT_C1_L104_P117_M,104,117,1,M,Control,Vehicle,PND1,1.4,0
CT_CT_C2_L117_P201_F,117,201,2,F,Control,Vehicle,PND1,1.2,0
CT_CT_C2_L117_P202_F,117,202,2,F,Control,Vehicle,PND1,1.4,0
CT_CT_C2_L117_P204_M,117,204,2,M,Control,Vehicle,PND1,1.6,0
CT_CT_C2_L122_P207_F,122,207,2,F,Control,Vehicle,PND1,1.4,0
CT_CT_C2_L122_P208_F,122,208,2,F,Control,Vehicle,PND1,1.5,0
CT_CT_C2_L117_P209_M,117,209,2,M,Control,Vehicle,PND1,1.4,0
CT_CT_C4_L129_P401_F,129,401,4,F,Control,Vehicle,PND1,1.4,0
CT_CT_C4_L129_P402_F,129,402,4,F,Control,Vehicle,PND1,1.4,0
CT_CT_C4_L129_P405_M,129,405,4,M,Control,Vehicle,PND1,1.4,0
CT_CT_C4_L129_P407_M,129,407,4,M,Control,Vehicle,PND1,1.4,0
CT_CT_C4_L113_P408_F,113,408,4,F,Control,Vehicle,PND1,1.4,0
CT_CT_C4_L113_P409_F,113,409,4,F,Control,Vehicle,PND1,1.4,0
CT_CT_C4_L113_P412_M,113,412,4,M,Control,Vehicle,PND1,1.4,0
CT_CT_C4_L113_P413_M,113,413,4,M,Control,Vehicle,PND1,1.4,0
HFHS_CT_C1_L110_P109_M,110,109,1,M,HFHS,Vehicle,PND1,1.3,0
HFHS_CT_C1_L110_P110_M,110,110,1,M,HFHS,Vehicle,PND1,1.5,0
HFHS_CT_C1_L107_P119_M,107,119,1,M,HFHS,Vehicle,PND1,1.3,0
HFHS_CT_C1_L107_P121_M,107,121,1,M,HFHS,Vehicle,PND1,1.2,0
HFHS_CT_C2_L123_P211_F,123,211,2,F,HFHS,Vehicle,PND1,1.3,0
HFHS_CT_C2_L123_P212_F,123,212,2,F,HFHS,Vehicle,PND1,1.3,0
HFHS_CT_C2_L123_P213_F,123,213,2,F,HFHS,Vehicle,PND1,1.4,0
HFHS_CT_C2_L123_P216_M,123,216,2,M,HFHS,Vehicle,PND1,1.4,0
HFHS_CT_C2_L123_P217_M,123,217,2,M,HFHS,Vehicle,PND1,1.3,0
HFHS_CT_C2_L123_P218_F,123,218,2,F,HFHS,Vehicle,PND1,1.7,0
HFHS_CT_C2_L121_P219_M,121,219,2,M,HFHS,Vehicle,PND1,1.5,0
HFHS_CT_C2_L121_P221_M,121,221,2,M,HFHS,Vehicle,PND1,1.5,0
HFHS_CT_C3_L125.1_P302_F,125.1,302,3,F,HFHS,Vehicle,PND1,1.5,0
HFHS_CT_C3_L125.2_P303_F,125.2,303,3,F,HFHS,Vehicle,PND1,1.4,0
HFHS_CT_C3_L125.2_P304_F,125.2,304,3,F,HFHS,Vehicle,PND1,1.3,0
HFHS_CT_C3_L125.1_P305_F,125.1,305,3,F,HFHS,Vehicle,PND1,1.3,0
HFHS_CT_C3_L125.2_P306_F,125.2,306,3,F,HFHS,Vehicle,PND1,1.3,0
HFHS_CT_C3_L125_P308_M,125,308,3,M,HFHS,Vehicle,PND1,1.4,0
HFHS_CT_C3_L125_P310_M,125,310,3,M,HFHS,Vehicle,PND1,1.3,0
HFHS_CT_C4_L126_P419_F,126,419,4,F,HFHS,Vehicle,PND1,1.3,0
HFHS_CT_C4_L126_P420_F,126,420,4,F,HFHS,Vehicle,PND1,1.2,0
HFHS_CT_C4_L126_P421_F,126,421,4,F,HFHS,Vehicle,PND1,1.3,0
HFHS_CT_C4_L126_P422_M,126,422,4,M,HFHS,Vehicle,PND1,1.4,0
HFHS_CT_C4_L126_P423_M,126,423,4,M,HFHS,Vehicle,PND1,1.3,0
HFHS_FOS+GOS_C1_L106_P122_F,106,122,1,F,HFHS,FOS+GOS,PND1,1.5,0
HFHS_FOS+GOS_C1_L106_P124_F,106,124,1,F,HFHS,FOS+GOS,PND1,1.5,0
HFHS_FOS+GOS_C1_L106_P125_M,106,125,1,M,HFHS,FOS+GOS,PND1,1.6,0
HFHS_FOS+GOS_C1_L106_P126_M,106,126,1,M,HFHS,FOS+GOS,PND1,1.4,0
HFHS_FOS+GOS_C2_L124_P223_F,124,223,2,F,HFHS,FOS+GOS,PND1,1.3,0
HFHS_FOS+GOS_C2_L124_P224_F,124,224,2,F,HFHS,FOS+GOS,PND1,1.3,0
HFHS_FOS+GOS_C2_L124_P225_F,124,225,2,F,HFHS,FOS+GOS,PND1,1.4,0
HFHS_FOS+GOS_C2_L124_P226_M,124,226,2,M,HFHS,FOS+GOS,PND1,1.4,0
HFHS_FOS+GOS_C2_L124_P227_M,124,227,2,M,HFHS,FOS+GOS,PND1,1.2,0
HFHS_FOS+GOS_C2_L124_P228_M,124,228,2,M,HFHS,FOS+GOS,PND1,1.3,0
HFHS_FOS+GOS_C2_L119_P231_F,119,231,2,F,HFHS,FOS+GOS,PND1,1.4,0
HFHS_FOS+GOS_C2_L119_P232_F,119,232,2,F,HFHS,FOS+GOS,PND1,1.4,0
HFHS_FOS+GOS_C2_L119_P233_F,119,233,2,F,HFHS,FOS+GOS,PND1,1.7,0
HFHS_FOS+GOS_C2_L119_P234_M,119,234,2,M,HFHS,FOS+GOS,PND1,1.5,0
HFHS_FOS+GOS_C2_L119_P235_M,119,235,2,M,HFHS,FOS+GOS,PND1,1.3,0
HFHS_FOS+GOS_C2_L128_P236_F,128,236,2,F,HFHS,FOS+GOS,PND1,1.2,0
HFHS_FOS+GOS_C2_L128_P237_F,128,237,2,F,HFHS,FOS+GOS,PND1,1.5,0
HFHS_FOS+GOS_C2_L128_P238_F,128,238,2,F,HFHS,FOS+GOS,PND1,1.2,0
HFHS_FOS+GOS_C2_L128_P239_M,128,239,2,M,HFHS,FOS+GOS,PND1,1.2,0
HFHS_FOS+GOS_C2_L128_P239_M,128,241,2,M,HFHS,FOS+GOS,PND1,1.4,0
HFHS_FOS+GOS_C2_L128_P239_M,128,243,2,M,HFHS,FOS+GOS,PND1,1.3,0
HFHS_FOS+GOS_C3_L114_P311_F,114,311,3,F,HFHS,FOS+GOS,PND1,1.4,0
HFHS_FOS+GOS_C3_L114_P312_M,114,312,3,M,HFHS,FOS+GOS,PND1,1.6,0
HFHS_FOS+GOS_C3_L114_P314_M,114,314,3,M,HFHS,FOS+GOS,PND1,1.5,0
HFHS_FOS+GOS_C3_L114_P315_M,114,315,3,M,HFHS,FOS+GOS,PND1,1.6,0
HFHS_1472_C1_L115_P128_F,115,128,1,F,HFHS,1472,PND1,1.4,0
HFHS_1472_C1_L115_P130_F,115,130,1,F,HFHS,1472,PND1,1.2,0
HFHS_1472_C1_L115_P131_F,115,131,1,F,HFHS,1472,PND1,1.2,0
HFHS_1472_C1_L115_P132_M,115,132,1,M,HFHS,1472,PND1,1.2,0
HFHS_1472_C1_L115_P133_M,115,133,1,M,HFHS,1472,PND1,1.4,0
HFHS_1472_C1_L111_P134_F,111,134,1,F,HFHS,1472,PND1,1.4,0
HFHS_1472_C1_L111_P135_F,111,135,1,F,HFHS,1472,PND1,1.1,0
HFHS_1472_C1_L111_P136_M,111,136,1,M,HFHS,1472,PND1,1.1,0
HFHS_1472_C1_L111_P137_M,111,137,1,M,HFHS,1472,PND1,1.4,0
HFHS_1472_C2_L120_P245_F,120,245,2,F,HFHS,1472,PND1,1.2,0
HFHS_1472_C2_L120_P246_F,120,246,2,F,HFHS,1472,PND1,1.4,0
HFHS_1472_C2_L127_P247_F,127,247,2,F,HFHS,1472,PND1,1.5,0
HFHS_1472_C2_L127_P248_F,127,248,2,F,HFHS,1472,PND1,1.1,0
HFHS_1472_C2_L127_P250_M,127,250,2,M,HFHS,1472,PND1,1.3,0
HFHS_1472_C2_L127_P251_M,127,251,2,M,HFHS,1472,PND1,1.4,0
HFHS_1472_C2_L127_P252_M,127,252,2,M,HFHS,1472,PND1,1.3,0
HFHS_1472_C4_L116_P435_F,116,435,4,F,HFHS,1472,PND1,1.4,0
HFHS_1472_C4_L116_P436_F,116,436,4,F,HFHS,1472,PND1,1.5,0
HFHS_1472_C4_L116_P438_M,116,438,4,M,HFHS,1472,PND1,1.5,0
HFHS_1472_C4_L116_P439_M,116,439,4,M,HFHS,1472,PND1,1.4,0
HFHS_1472_C5_L130_P501_F,130,501,5,F,HFHS,1472,PND1,1.4,0
HFHS_1472_C5_L130_P503_F,130,503,5,F,HFHS,1472,PND1,1.5,0
HFHS_1472_C5_L130_P506_M,130,506,5,M,HFHS,1472,PND1,1.6,0
HFHS_1472_C5_L130_P507_M,130,507,5,M,HFHS,1472,PND1,1.5,0
HFHS_1472_C5_L130_P508_M,130,508,5,M,HFHS,1472,PND1,1.4,0
CT_CT_C1_L105_P101_F,105,101,1,F,Control,Vehicle,PND7,3.1,1.7
CT_CT_C1_L105_P102_F,105,102,1,F,Control,Vehicle,PND7,2.7,1.7
CT_CT_C1_L105_P103_M,105,103,1,M,Control,Vehicle,PND7,2.9,1.7
CT_CT_C1_L105_P104_M,105,104,1,M,Control,Vehicle,PND7,3.1,1.7
CT_CT_C1_L105_P105_M,105,105,1,M,Control,Vehicle,PND7,2.7,1.4
CT_CT_C1_L105_P106_M,105,106,1,M,Control,Vehicle,PND7,2.9,1.7
CT_CT_C1_L104_P113_F,104,113,1,F,Control,Vehicle,PND7,2.9,1.8
CT_CT_C1_L104_P115_F,104,115,1,F,Control,Vehicle,PND7,2,0.8
CT_CT_C1_L104_P116_M,104,116,1,M,Control,Vehicle,PND7,2.3,1.1
CT_CT_C1_L104_P117_M,104,117,1,M,Control,Vehicle,PND7,3.2,1.8
CT_CT_C2_L117_P201_F,117,201,2,F,Control,Vehicle,PND7,3.2,2
CT_CT_C2_L117_P202_F,117,202,2,F,Control,Vehicle,PND7,3.3,1.9
CT_CT_C2_L117_P204_M,117,204,2,M,Control,Vehicle,PND7,3.5,1.9
CT_CT_C2_L122_P207_F,122,207,2,F,Control,Vehicle,PND7,3.7,2.3
CT_CT_C2_L122_P208_F,122,208,2,F,Control,Vehicle,PND7,3.9,2.4
CT_CT_C2_L117_P209_M,117,209,2,M,Control,Vehicle,PND7,3.9,2.5
CT_CT_C4_L129_P401_F,129,401,4,F,Control,Vehicle,PND7,4.3,2.9
CT_CT_C4_L129_P402_F,129,402,4,F,Control,Vehicle,PND7,4.2,2.8
CT_CT_C4_L129_P405_M,129,405,4,M,Control,Vehicle,PND7,4.4,3
CT_CT_C4_L129_P407_M,129,407,4,M,Control,Vehicle,PND7,4.4,3
CT_CT_C4_L113_P408_F,113,408,4,F,Control,Vehicle,PND7,3.3,1.9
CT_CT_C4_L113_P409_F,113,409,4,F,Control,Vehicle,PND7,3,1.6
CT_CT_C4_L113_P412_M,113,412,4,M,Control,Vehicle,PND7,3.1,1.7
CT_CT_C4_L113_P413_M,113,413,4,M,Control,Vehicle,PND7,3,1.6
HFHS_CT_C1_L110_P109_M,110,109,1,M,HFHS,Vehicle,PND7,4.1,2.8
HFHS_CT_C1_L110_P110_M,110,110,1,M,HFHS,Vehicle,PND7,4.2,2.7
HFHS_CT_C1_L107_P119_M,107,119,1,M,HFHS,Vehicle,PND7,3.1,1.8
HFHS_CT_C1_L107_P121_M,107,121,1,M,HFHS,Vehicle,PND7,2.9,1.7
HFHS_CT_C2_L123_P211_F,123,211,2,F,HFHS,Vehicle,PND7,3.6,2.3
HFHS_CT_C2_L123_P212_F,123,212,2,F,HFHS,Vehicle,PND7,2.4,
HFHS_CT_C2_L123_P213_F,123,213,2,F,HFHS,Vehicle,PND7,3.5,2.1
HFHS_CT_C2_L123_P216_M,123,216,2,M,HFHS,Vehicle,PND7,3.6,2.2
HFHS_CT_C2_L123_P217_M,123,217,2,M,HFHS,Vehicle,PND7,3,1.7
HFHS_CT_C2_L123_P218_F,123,218,2,F,HFHS,Vehicle,PND7,4.6,2.9
HFHS_CT_C2_L121_P219_M,121,219,2,M,HFHS,Vehicle,PND7,4,2.5
HFHS_CT_C2_L121_P221_M,121,221,2,M,HFHS,Vehicle,PND7,4.5,3
HFHS_CT_C3_L125.1_P302_F,125.1,302,3,F,HFHS,Vehicle,PND7,4,2.5
HFHS_CT_C3_L125.2_P303_F,125.2,303,3,F,HFHS,Vehicle,PND7,3.8,2.4
HFHS_CT_C3_L125.2_P304_F,125.2,304,3,F,HFHS,Vehicle,PND7,3.9,2.6
HFHS_CT_C3_L125.1_P305_F,125.1,305,3,F,HFHS,Vehicle,PND7,3.7,2.4
HFHS_CT_C3_L125.2_P306_F,125.2,306,3,F,HFHS,Vehicle,PND7,3.8,2.5
HFHS_CT_C3_L125_P308_M,125,308,3,M,HFHS,Vehicle,PND7,4,2.6
HFHS_CT_C3_L125_P310_M,125,310,3,M,HFHS,Vehicle,PND7,3.8,2.5
HFHS_CT_C4_L126_P419_F,126,419,4,F,HFHS,Vehicle,PND7,3.4,2.1
HFHS_CT_C4_L126_P420_F,126,420,4,F,HFHS,Vehicle,PND7,3.5,2.3
HFHS_CT_C4_L126_P421_F,126,421,4,F,HFHS,Vehicle,PND7,3.5,2.2
HFHS_CT_C4_L126_P422_M,126,422,4,M,HFHS,Vehicle,PND7,3.4,2
HFHS_CT_C4_L126_P423_M,126,423,4,M,HFHS,Vehicle,PND7,3.5,2.2
HFHS_FOS+GOS_C1_L106_P122_F,106,122,1,F,HFHS,FOS+GOS,PND7,3.5,2
HFHS_FOS+GOS_C1_L106_P124_F,106,124,1,F,HFHS,FOS+GOS,PND7,3.5,2
HFHS_FOS+GOS_C1_L106_P125_M,106,125,1,M,HFHS,FOS+GOS,PND7,3.7,2.1
HFHS_FOS+GOS_C1_L106_P126_M,106,126,1,M,HFHS,FOS+GOS,PND7,4.2,2.8
HFHS_FOS+GOS_C2_L124_P223_F,124,223,2,F,HFHS,FOS+GOS,PND7,3.9,2.6
HFHS_FOS+GOS_C2_L124_P224_F,124,224,2,F,HFHS,FOS+GOS,PND7,3.8,2.5
HFHS_FOS+GOS_C2_L124_P225_F,124,225,2,F,HFHS,FOS+GOS,PND7,3.8,2.4
HFHS_FOS+GOS_C2_L124_P226_M,124,226,2,M,HFHS,FOS+GOS,PND7,4.1,2.7
HFHS_FOS+GOS_C2_L124_P227_M,124,227,2,M,HFHS,FOS+GOS,PND7,3.5,2.3
HFHS_FOS+GOS_C2_L124_P228_M,124,228,2,M,HFHS,FOS+GOS,PND7,4,2.7
HFHS_FOS+GOS_C2_L119_P231_F,119,231,2,F,HFHS,FOS+GOS,PND7,3.9,2.5
HFHS_FOS+GOS_C2_L119_P232_F,119,232,2,F,HFHS,FOS+GOS,PND7,3.3,1.9
HFHS_FOS+GOS_C2_L119_P233_F,119,233,2,F,HFHS,FOS+GOS,PND7,4.6,2.9
HFHS_FOS+GOS_C2_L119_P234_M,119,234,2,M,HFHS,FOS+GOS,PND7,3.7,2.2
HFHS_FOS+GOS_C2_L119_P235_M,119,235,2,M,HFHS,FOS+GOS,PND7,3.9,2.6
HFHS_FOS+GOS_C2_L128_P236_F,128,236,2,F,HFHS,FOS+GOS,PND7,3,1.8
HFHS_FOS+GOS_C2_L128_P237_F,128,237,2,F,HFHS,FOS+GOS,PND7,3.6,2.1
HFHS_FOS+GOS_C2_L128_P238_F,128,238,2,F,HFHS,FOS+GOS,PND7,3.3,2.1
HFHS_FOS+GOS_C2_L128_P239_M,128,239,2,M,HFHS,FOS+GOS,PND7,3.4,2.2
HFHS_FOS+GOS_C2_L128_P239_M,128,241,2,M,HFHS,FOS+GOS,PND7,3.6,2.2
HFHS_FOS+GOS_C2_L128_P239_M,128,243,2,M,HFHS,FOS+GOS,PND7,3.6,2.3
HFHS_FOS+GOS_C3_L114_P311_F,114,311,3,F,HFHS,FOS+GOS,PND7,4.5,3.1
HFHS_FOS+GOS_C3_L114_P312_M,114,312,3,M,HFHS,FOS+GOS,PND7,4.3,2.7
HFHS_FOS+GOS_C3_L114_P314_M,114,314,3,M,HFHS,FOS+GOS,PND7,4.6,3.1
HFHS_FOS+GOS_C3_L114_P315_M,114,315,3,M,HFHS,FOS+GOS,PND7,4.7,3.1
HFHS_1472_C1_L115_P128_F,115,128,1,F,HFHS,1472,PND7,2,0.6
HFHS_1472_C1_L115_P130_F,115,130,1,F,HFHS,1472,PND7,1.8,0.6
HFHS_1472_C1_L115_P131_F,115,131,1,F,HFHS,1472,PND7,1.7,0.5
HFHS_1472_C1_L115_P132_M,115,132,1,M,HFHS,1472,PND7,1.9,0.7
HFHS_1472_C1_L115_P133_M,115,133,1,M,HFHS,1472,PND7,2.2,0.8
HFHS_1472_C1_L111_P134_F,111,134,1,F,HFHS,1472,PND7,2.6,1.2
HFHS_1472_C1_L111_P135_F,111,135,1,F,HFHS,1472,PND7,2.7,1.6
HFHS_1472_C1_L111_P136_M,111,136,1,M,HFHS,1472,PND7,2.9,1.8
HFHS_1472_C1_L111_P137_M,111,137,1,M,HFHS,1472,PND7,3.2,1.8
HFHS_1472_C2_L120_P245_F,120,245,2,F,HFHS,1472,PND7,2.4,1.2
HFHS_1472_C2_L120_P246_F,120,246,2,F,HFHS,1472,PND7,2.6,1.2
HFHS_1472_C2_L127_P247_F,127,247,2,F,HFHS,1472,PND7,3.9,2.4
HFHS_1472_C2_L127_P248_F,127,248,2,F,HFHS,1472,PND7,3.6,2.5
HFHS_1472_C2_L127_P250_M,127,250,2,M,HFHS,1472,PND7,4,2.7
HFHS_1472_C2_L127_P251_M,127,251,2,M,HFHS,1472,PND7,4.3,2.9
HFHS_1472_C2_L127_P252_M,127,252,2,M,HFHS,1472,PND7,4.6,3.3
HFHS_1472_C4_L116_P435_F,116,435,4,F,HFHS,1472,PND7,4,2.6
HFHS_1472_C4_L116_P436_F,116,436,4,F,HFHS,1472,PND7,3.1,1.6
HFHS_1472_C4_L116_P438_M,116,438,4,M,HFHS,1472,PND7,3.6,2.1
HFHS_1472_C4_L116_P439_M,116,439,4,M,HFHS,1472,PND7,4.2,2.8
HFHS_1472_C5_L130_P501_F,130,501,5,F,HFHS,1472,PND7,4.3,2.9
HFHS_1472_C5_L130_P503_F,130,503,5,F,HFHS,1472,PND7,4.4,2.9
HFHS_1472_C5_L130_P506_M,130,506,5,M,HFHS,1472,PND7,4.6,3
HFHS_1472_C5_L130_P507_M,130,507,5,M,HFHS,1472,PND7,4.6,3.1
HFHS_1472_C5_L130_P508_M,130,508,5,M,HFHS,1472,PND7,4.4,3
CT_CT_C1_L105_P101_F,105,101,1,F,Control,Vehicle,PND14,4.9,3.5
CT_CT_C1_L105_P102_F,105,102,1,F,Control,Vehicle,PND14,4.6,3.6
CT_CT_C1_L105_P103_M,105,103,1,M,Control,Vehicle,PND14,4.8,3.6
CT_CT_C1_L105_P104_M,105,104,1,M,Control,Vehicle,PND14,5.2,3.8
CT_CT_C1_L105_P105_M,105,105,1,M,Control,Vehicle,PND14,4.5,3.2
CT_CT_C1_L105_P106_M,105,106,1,M,Control,Vehicle,PND14,4.9,3.7
CT_CT_C1_L104_P113_F,104,113,1,F,Control,Vehicle,PND14,5.2,4.1
CT_CT_C1_L104_P115_F,104,115,1,F,Control,Vehicle,PND14,3.6,2.4
CT_CT_C1_L104_P116_M,104,116,1,M,Control,Vehicle,PND14,4,2.8
CT_CT_C1_L104_P117_M,104,117,1,M,Control,Vehicle,PND14,6.4,5
CT_CT_C2_L117_P201_F,117,201,2,F,Control,Vehicle,PND14,5.2,4
CT_CT_C2_L117_P202_F,117,202,2,F,Control,Vehicle,PND14,5,3.6
CT_CT_C2_L117_P204_M,117,204,2,M,Control,Vehicle,PND14,5.8,4.2
CT_CT_C2_L122_P207_F,122,207,2,F,Control,Vehicle,PND14,7.8,6.4
CT_CT_C2_L122_P208_F,122,208,2,F,Control,Vehicle,PND14,8.4,6.9
CT_CT_C2_L117_P209_M,117,209,2,M,Control,Vehicle,PND14,8,6.6
CT_CT_C4_L129_P401_F,129,401,4,F,Control,Vehicle,PND14,6.8,5.4
CT_CT_C4_L129_P402_F,129,402,4,F,Control,Vehicle,PND14,6.9,5.5
CT_CT_C4_L129_P405_M,129,405,4,M,Control,Vehicle,PND14,6.6,5.2
CT_CT_C4_L129_P407_M,129,407,4,M,Control,Vehicle,PND14,6.9,5.5
CT_CT_C4_L113_P408_F,113,408,4,F,Control,Vehicle,PND14,4.8,3.4
CT_CT_C4_L113_P409_F,113,409,4,F,Control,Vehicle,PND14,5.1,3.7
CT_CT_C4_L113_P412_M,113,412,4,M,Control,Vehicle,PND14,5.4,4
CT_CT_C4_L113_P413_M,113,413,4,M,Control,Vehicle,PND14,5.6,4.2
HFHS_CT_C1_L110_P109_M,110,109,1,M,HFHS,Vehicle,PND14,7.4,6.1
HFHS_CT_C1_L110_P110_M,110,110,1,M,HFHS,Vehicle,PND14,7.3,5.8
HFHS_CT_C1_L107_P119_M,107,119,1,M,HFHS,Vehicle,PND14,5.6,4.3
HFHS_CT_C1_L107_P121_M,107,121,1,M,HFHS,Vehicle,PND14,4.9,3.7
HFHS_CT_C2_L123_P211_F,123,211,2,F,HFHS,Vehicle,PND14,6.7,5.4
HFHS_CT_C2_L123_P212_F,123,212,2,F,HFHS,Vehicle,PND14,3.2,
HFHS_CT_C2_L123_P213_F,123,213,2,F,HFHS,Vehicle,PND14,6.2,4.8
HFHS_CT_C2_L123_P216_M,123,216,2,M,HFHS,Vehicle,PND14,7,5.6
HFHS_CT_C2_L123_P217_M,123,217,2,M,HFHS,Vehicle,PND14,4.1,2.8
HFHS_CT_C2_L123_P218_F,123,218,2,F,HFHS,Vehicle,PND14,8.7,7
HFHS_CT_C2_L121_P219_M,121,219,2,M,HFHS,Vehicle,PND14,8.2,6.7
HFHS_CT_C2_L121_P221_M,121,221,2,M,HFHS,Vehicle,PND14,8.5,7
HFHS_CT_C3_L125.1_P302_F,125.1,302,3,F,HFHS,Vehicle,PND14,6.1,4.6
HFHS_CT_C3_L125.2_P303_F,125.2,303,3,F,HFHS,Vehicle,PND14,6.2,4.8
HFHS_CT_C3_L125.2_P304_F,125.2,304,3,F,HFHS,Vehicle,PND14,5.9,4.6
HFHS_CT_C3_L125.1_P305_F,125.1,305,3,F,HFHS,Vehicle,PND14,5.9,4.6
HFHS_CT_C3_L125.2_P306_F,125.2,306,3,F,HFHS,Vehicle,PND14,6.7,5.4
HFHS_CT_C3_L125_P308_M,125,308,3,M,HFHS,Vehicle,PND14,6.2,4.8
HFHS_CT_C3_L125_P310_M,125,310,3,M,HFHS,Vehicle,PND14,6.1,4.8
HFHS_CT_C4_L126_P419_F,126,419,4,F,HFHS,Vehicle,PND14,7.3,6
HFHS_CT_C4_L126_P420_F,126,420,4,F,HFHS,Vehicle,PND14,7.2,6
HFHS_CT_C4_L126_P421_F,126,421,4,F,HFHS,Vehicle,PND14,7.1,5.8
HFHS_CT_C4_L126_P422_M,126,422,4,M,HFHS,Vehicle,PND14,7.2,5.8
HFHS_CT_C4_L126_P423_M,126,423,4,M,HFHS,Vehicle,PND14,7.1,5.8
HFHS_FOS+GOS_C1_L106_P122_F,106,122,1,F,HFHS,FOS+GOS,PND14,6.2,4.7
HFHS_FOS+GOS_C1_L106_P124_F,106,124,1,F,HFHS,FOS+GOS,PND14,7,5.5
HFHS_FOS+GOS_C1_L106_P125_M,106,125,1,M,HFHS,FOS+GOS,PND14,6.9,5.3
HFHS_FOS+GOS_C1_L106_P126_M,106,126,1,M,HFHS,FOS+GOS,PND14,6.9,5.5
HFHS_FOS+GOS_C2_L124_P223_F,124,223,2,F,HFHS,FOS+GOS,PND14,7.2,5.9
HFHS_FOS+GOS_C2_L124_P224_F,124,224,2,F,HFHS,FOS+GOS,PND14,6.9,5.6
HFHS_FOS+GOS_C2_L124_P225_F,124,225,2,F,HFHS,FOS+GOS,PND14,6.7,5.3
HFHS_FOS+GOS_C2_L124_P226_M,124,226,2,M,HFHS,FOS+GOS,PND14,6.6,5.2
HFHS_FOS+GOS_C2_L124_P227_M,124,227,2,M,HFHS,FOS+GOS,PND14,7.4,6.2
HFHS_FOS+GOS_C2_L124_P228_M,124,228,2,M,HFHS,FOS+GOS,PND14,7.1,5.8
HFHS_FOS+GOS_C2_L119_P231_F,119,231,2,F,HFHS,FOS+GOS,PND14,7.6,6.2
HFHS_FOS+GOS_C2_L119_P232_F,119,232,2,F,HFHS,FOS+GOS,PND14,7.1,5.7
HFHS_FOS+GOS_C2_L119_P233_F,119,233,2,F,HFHS,FOS+GOS,PND14,8.6,6.9
HFHS_FOS+GOS_C2_L119_P234_M,119,234,2,M,HFHS,FOS+GOS,PND14,7.7,6.2
HFHS_FOS+GOS_C2_L119_P235_M,119,235,2,M,HFHS,FOS+GOS,PND14,7.9,6.6
HFHS_FOS+GOS_C2_L128_P236_F,128,236,2,F,HFHS,FOS+GOS,PND14,6.4,5.2
HFHS_FOS+GOS_C2_L128_P237_F,128,237,2,F,HFHS,FOS+GOS,PND14,7.1,5.6
HFHS_FOS+GOS_C2_L128_P238_F,128,238,2,F,HFHS,FOS+GOS,PND14,6.8,5.6
HFHS_FOS+GOS_C2_L128_P239_M,128,239,2,M,HFHS,FOS+GOS,PND14,7.1,5.9
HFHS_FOS+GOS_C2_L128_P239_M,128,241,2,M,HFHS,FOS+GOS,PND14,7.3,5.9
HFHS_FOS+GOS_C2_L128_P239_M,128,243,2,M,HFHS,FOS+GOS,PND14,6.8,5.5
HFHS_FOS+GOS_C3_L114_P311_F,114,311,3,F,HFHS,FOS+GOS,PND14,7.9,6.5
HFHS_FOS+GOS_C3_L114_P312_M,114,312,3,M,HFHS,FOS+GOS,PND14,7.8,6.2
HFHS_FOS+GOS_C3_L114_P314_M,114,314,3,M,HFHS,FOS+GOS,PND14,7.8,6.3
HFHS_FOS+GOS_C3_L114_P315_M,114,315,3,M,HFHS,FOS+GOS,PND14,7.7,6.1
HFHS_1472_C1_L115_P128_F,115,128,1,F,HFHS,1472,PND14,3.4,2
HFHS_1472_C1_L115_P130_F,115,130,1,F,HFHS,1472,PND14,4.5,3.3
HFHS_1472_C1_L115_P131_F,115,131,1,F,HFHS,1472,PND14,3.1,1.9
HFHS_1472_C1_L115_P132_M,115,132,1,M,HFHS,1472,PND14,4,2.8
HFHS_1472_C1_L115_P133_M,115,133,1,M,HFHS,1472,PND14,4.5,3.1
HFHS_1472_C1_L111_P134_F,111,134,1,F,HFHS,1472,PND14,6,4.6
HFHS_1472_C1_L111_P135_F,111,135,1,F,HFHS,1472,PND14,5.3,4.2
HFHS_1472_C1_L111_P136_M,111,136,1,M,HFHS,1472,PND14,5.7,4.6
HFHS_1472_C1_L111_P137_M,111,137,1,M,HFHS,1472,PND14,5.8,4.4
HFHS_1472_C2_L120_P245_F,120,245,2,F,HFHS,1472,PND14,4.1,2.9
HFHS_1472_C2_L120_P246_F,120,246,2,F,HFHS,1472,PND14,4.5,3.1
HFHS_1472_C2_L127_P247_F,127,247,2,F,HFHS,1472,PND14,7,5.5
HFHS_1472_C2_L127_P248_F,127,248,2,F,HFHS,1472,PND14,6.9,5.8
HFHS_1472_C2_L127_P250_M,127,250,2,M,HFHS,1472,PND14,7,5.7
HFHS_1472_C2_L127_P251_M,127,251,2,M,HFHS,1472,PND14,6.7,5.3
HFHS_1472_C2_L127_P252_M,127,252,2,M,HFHS,1472,PND14,7.6,6.3
HFHS_1472_C4_L116_P435_F,116,435,4,F,HFHS,1472,PND14,7.5,6.1
HFHS_1472_C4_L116_P436_F,116,436,4,F,HFHS,1472,PND14,6.6,5.1
HFHS_1472_C4_L116_P438_M,116,438,4,M,HFHS,1472,PND14,7.1,5.6
HFHS_1472_C4_L116_P439_M,116,439,4,M,HFHS,1472,PND14,7.7,6.3
HFHS_1472_C5_L130_P501_F,130,501,5,F,HFHS,1472,PND14,7.2,5.8
HFHS_1472_C5_L130_P503_F,130,503,5,F,HFHS,1472,PND14,7.4,5.9
HFHS_1472_C5_L130_P506_M,130,506,5,M,HFHS,1472,PND14,7.2,5.6
HFHS_1472_C5_L130_P507_M,130,507,5,M,HFHS,1472,PND14,7.7,6.2
HFHS_1472_C5_L130_P508_M,130,508,5,M,HFHS,1472,PND14,5.5,4.1
CT_CT_C1_L105_P101_F,105,101,1,F,Control,Vehicle,PND21,5.1,3.7
CT_CT_C1_L105_P102_F,105,102,1,F,Control,Vehicle,PND21,4.7,3.7
CT_CT_C1_L105_P103_M,105,103,1,M,Control,Vehicle,PND21,4.7,3.5
CT_CT_C1_L105_P104_M,105,104,1,M,Control,Vehicle,PND21,5,3.6
CT_CT_C1_L105_P105_M,105,105,1,M,Control,Vehicle,PND21,4.3,3
CT_CT_C1_L105_P106_M,105,106,1,M,Control,Vehicle,PND21,5.1,3.9
CT_CT_C1_L104_P113_F,104,113,1,F,Control,Vehicle,PND21,6.3,5.2
CT_CT_C1_L104_P115_F,104,115,1,F,Control,Vehicle,PND21,4.7,3.5
CT_CT_C1_L104_P116_M,104,116,1,M,Control,Vehicle,PND21,5.2,4
CT_CT_C1_L104_P117_M,104,117,1,M,Control,Vehicle,PND21,7.5,6.1
CT_CT_C2_L117_P201_F,117,201,2,F,Control,Vehicle,PND21,5.7,4.5
CT_CT_C2_L117_P202_F,117,202,2,F,Control,Vehicle,PND21,5.6,4.2
CT_CT_C2_L117_P204_M,117,204,2,M,Control,Vehicle,PND21,6.3,4.7
CT_CT_C2_L122_P207_F,122,207,2,F,Control,Vehicle,PND21,8.3,6.9
CT_CT_C2_L122_P208_F,122,208,2,F,Control,Vehicle,PND21,8.6,7.1
CT_CT_C2_L117_P209_M,117,209,2,M,Control,Vehicle,PND21,9,7.6
CT_CT_C4_L129_P401_F,129,401,4,F,Control,Vehicle,PND21,7.1,5.7
CT_CT_C4_L129_P402_F,129,402,4,F,Control,Vehicle,PND21,6.6,5.2
CT_CT_C4_L129_P405_M,129,405,4,M,Control,Vehicle,PND21,6.5,5.1
CT_CT_C4_L129_P407_M,129,407,4,M,Control,Vehicle,PND21,7.1,5.7
CT_CT_C4_L113_P408_F,113,408,4,F,Control,Vehicle,PND21,6.4,5
CT_CT_C4_L113_P409_F,113,409,4,F,Control,Vehicle,PND21,5.7,4.3
CT_CT_C4_L113_P412_M,113,412,4,M,Control,Vehicle,PND21,6.6,5.2
CT_CT_C4_L113_P413_M,113,413,4,M,Control,Vehicle,PND21,7,5.6
HFHS_CT_C1_L110_P109_M,110,109,1,M,HFHS,Vehicle,PND21,9.8,8.5
HFHS_CT_C1_L110_P110_M,110,110,1,M,HFHS,Vehicle,PND21,9,7.5
HFHS_CT_C1_L107_P119_M,107,119,1,M,HFHS,Vehicle,PND21,7,5.7
HFHS_CT_C1_L107_P121_M,107,121,1,M,HFHS,Vehicle,PND21,6.7,5.5
HFHS_CT_C2_L123_P211_F,123,211,2,F,HFHS,Vehicle,PND21,4.6,3.3
HFHS_CT_C2_L123_P212_F,123,212,2,F,HFHS,Vehicle,PND21,8.4,7.1
HFHS_CT_C2_L123_P213_F,123,213,2,F,HFHS,Vehicle,PND21,7.8,6.4
HFHS_CT_C2_L123_P216_M,123,216,2,M,HFHS,Vehicle,PND21,8.6,7.2
HFHS_CT_C2_L123_P217_M,123,217,2,M,HFHS,Vehicle,PND21,5.6,4.3
HFHS_CT_C2_L123_P218_F,123,218,2,F,HFHS,Vehicle,PND21,11.6,9.9
HFHS_CT_C2_L121_P219_M,121,219,2,M,HFHS,Vehicle,PND21,11.2,9.7
HFHS_CT_C2_L121_P221_M,121,221,2,M,HFHS,Vehicle,PND21,11.6,10.1
HFHS_CT_C3_L125.1_P302_F,125.1,302,3,F,HFHS,Vehicle,PND21,6.6,5.1
HFHS_CT_C3_L125.2_P303_F,125.2,303,3,F,HFHS,Vehicle,PND21,7.4,6
HFHS_CT_C3_L125.2_P304_F,125.2,304,3,F,HFHS,Vehicle,PND21,7,5.7
HFHS_CT_C3_L125.1_P305_F,125.1,305,3,F,HFHS,Vehicle,PND21,6.5,5.2
HFHS_CT_C3_L125.2_P306_F,125.2,306,3,F,HFHS,Vehicle,PND21,7.6,6.3
HFHS_CT_C3_L125_P308_M,125,308,3,M,HFHS,Vehicle,PND21,7.2,5.8
HFHS_CT_C3_L125_P310_M,125,310,3,M,HFHS,Vehicle,PND21,6.7,5.4
HFHS_CT_C4_L126_P419_F,126,419,4,F,HFHS,Vehicle,PND21,10,8.7
HFHS_CT_C4_L126_P420_F,126,420,4,F,HFHS,Vehicle,PND21,10,8.8
HFHS_CT_C4_L126_P421_F,126,421,4,F,HFHS,Vehicle,PND21,10,8.7
HFHS_CT_C4_L126_P422_M,126,422,4,M,HFHS,Vehicle,PND21,9.8,8.4
HFHS_CT_C4_L126_P423_M,126,423,4,M,HFHS,Vehicle,PND21,10,8.7
HFHS_FOS+GOS_C1_L106_P122_F,106,122,1,F,HFHS,FOS+GOS,PND21,9,7.5
HFHS_FOS+GOS_C1_L106_P124_F,106,124,1,F,HFHS,FOS+GOS,PND21,10,8.5
HFHS_FOS+GOS_C1_L106_P125_M,106,125,1,M,HFHS,FOS+GOS,PND21,10.3,8.7
HFHS_FOS+GOS_C1_L106_P126_M,106,126,1,M,HFHS,FOS+GOS,PND21,10,8.6
HFHS_FOS+GOS_C2_L124_P223_F,124,223,2,F,HFHS,FOS+GOS,PND21,9.8,8.5
HFHS_FOS+GOS_C2_L124_P224_F,124,224,2,F,HFHS,FOS+GOS,PND21,9.7,8.4
HFHS_FOS+GOS_C2_L124_P225_F,124,225,2,F,HFHS,FOS+GOS,PND21,10,8.6
HFHS_FOS+GOS_C2_L124_P226_M,124,226,2,M,HFHS,FOS+GOS,PND21,9.1,7.7
HFHS_FOS+GOS_C2_L124_P227_M,124,227,2,M,HFHS,FOS+GOS,PND21,9.8,8.6
HFHS_FOS+GOS_C2_L124_P228_M,124,228,2,M,HFHS,FOS+GOS,PND21,10.8,9.5
HFHS_FOS+GOS_C2_L119_P231_F,119,231,2,F,HFHS,FOS+GOS,PND21,10,8.6
HFHS_FOS+GOS_C2_L119_P232_F,119,232,2,F,HFHS,FOS+GOS,PND21,10.7,9.3
HFHS_FOS+GOS_C2_L119_P233_F,119,233,2,F,HFHS,FOS+GOS,PND21,11.1,9.4
HFHS_FOS+GOS_C2_L119_P234_M,119,234,2,M,HFHS,FOS+GOS,PND21,10.7,9.2
HFHS_FOS+GOS_C2_L119_P235_M,119,235,2,M,HFHS,FOS+GOS,PND21,10.8,9.5
HFHS_FOS+GOS_C2_L128_P236_F,128,236,2,F,HFHS,FOS+GOS,PND21,7.8,6.6
HFHS_FOS+GOS_C2_L128_P237_F,128,237,2,F,HFHS,FOS+GOS,PND21,8.6,7.1
HFHS_FOS+GOS_C2_L128_P238_F,128,238,2,F,HFHS,FOS+GOS,PND21,8.7,7.5
HFHS_FOS+GOS_C2_L128_P239_M,128,239,2,M,HFHS,FOS+GOS,PND21,8.7,7.5
HFHS_FOS+GOS_C2_L128_P239_M,128,241,2,M,HFHS,FOS+GOS,PND21,9.6,8.2
HFHS_FOS+GOS_C2_L128_P239_M,128,243,2,M,HFHS,FOS+GOS,PND21,9.1,7.8
HFHS_FOS+GOS_C3_L114_P311_F,114,311,3,F,HFHS,FOS+GOS,PND21,9.3,7.9
HFHS_FOS+GOS_C3_L114_P312_M,114,312,3,M,HFHS,FOS+GOS,PND21,9.4,7.8
HFHS_FOS+GOS_C3_L114_P314_M,114,314,3,M,HFHS,FOS+GOS,PND21,9.2,7.7
HFHS_FOS+GOS_C3_L114_P315_M,114,315,3,M,HFHS,FOS+GOS,PND21,10,8.4
HFHS_1472_C1_L115_P128_F,115,128,1,F,HFHS,1472,PND21,5.4,4
HFHS_1472_C1_L115_P130_F,115,130,1,F,HFHS,1472,PND21,6.4,5.2
HFHS_1472_C1_L115_P131_F,115,131,1,F,HFHS,1472,PND21,4.5,3.3
HFHS_1472_C1_L115_P132_M,115,132,1,M,HFHS,1472,PND21,6.3,5.1
HFHS_1472_C1_L115_P133_M,115,133,1,M,HFHS,1472,PND21,5.6,4.2
HFHS_1472_C1_L111_P134_F,111,134,1,F,HFHS,1472,PND21,7.9,6.5
HFHS_1472_C1_L111_P135_F,111,135,1,F,HFHS,1472,PND21,7,5.9
HFHS_1472_C1_L111_P136_M,111,136,1,M,HFHS,1472,PND21,7.7,6.6
HFHS_1472_C1_L111_P137_M,111,137,1,M,HFHS,1472,PND21,8.1,6.7
HFHS_1472_C2_L120_P245_F,120,245,2,F,HFHS,1472,PND21,5.4,4.2
HFHS_1472_C2_L120_P246_F,120,246,2,F,HFHS,1472,PND21,5.7,4.3
HFHS_1472_C2_L127_P247_F,127,247,2,F,HFHS,1472,PND21,9.4,7.9
HFHS_1472_C2_L127_P248_F,127,248,2,F,HFHS,1472,PND21,9.5,8.4
HFHS_1472_C2_L127_P250_M,127,250,2,M,HFHS,1472,PND21,10.3,9
HFHS_1472_C2_L127_P251_M,127,251,2,M,HFHS,1472,PND21,9.6,8.2
HFHS_1472_C2_L127_P252_M,127,252,2,M,HFHS,1472,PND21,10,8.7
HFHS_1472_C4_L116_P435_F,116,435,4,F,HFHS,1472,PND21,10.2,8.8
HFHS_1472_C4_L116_P436_F,116,436,4,F,HFHS,1472,PND21,8.9,7.4
HFHS_1472_C4_L116_P438_M,116,438,4,M,HFHS,1472,PND21,9.6,8.1
HFHS_1472_C4_L116_P439_M,116,439,4,M,HFHS,1472,PND21,10.7,9.3
HFHS_1472_C5_L130_P501_F,130,501,5,F,HFHS,1472,PND21,9.5,8.1
HFHS_1472_C5_L130_P503_F,130,503,5,F,HFHS,1472,PND21,8.6,7.1
HFHS_1472_C5_L130_P506_M,130,506,5,M,HFHS,1472,PND21,10.2,8.6
HFHS_1472_C5_L130_P507_M,130,507,5,M,HFHS,1472,PND21,10.6,9.1
HFHS_1472_C5_L130_P508_M,130,508,5,M,HFHS,1472,PND21,8.3,6.9
CT_CT_C1_L105_P101_F,105,101,1,F,Control,Vehicle,PND28,8.8,7.4
CT_CT_C1_L105_P102_F,105,102,1,F,Control,Vehicle,PND28,9.6,8.6
CT_CT_C1_L105_P103_M,105,103,1,M,Control,Vehicle,PND28,7.7,6.5
CT_CT_C1_L105_P104_M,105,104,1,M,Control,Vehicle,PND28,6.9,5.5
CT_CT_C1_L105_P105_M,105,105,1,M,Control,Vehicle,PND28,6.8,5.5
CT_CT_C1_L105_P106_M,105,106,1,M,Control,Vehicle,PND28,8.1,6.9
CT_CT_C1_L104_P113_F,104,113,1,F,Control,Vehicle,PND28,11.2,10.1
CT_CT_C1_L104_P115_F,104,115,1,F,Control,Vehicle,PND28,8.2,7
CT_CT_C1_L104_P116_M,104,116,1,M,Control,Vehicle,PND28,7.7,6.5
CT_CT_C1_L104_P117_M,104,117,1,M,Control,Vehicle,PND28,12.1,10.7
CT_CT_C2_L117_P201_F,117,201,2,F,Control,Vehicle,PND28,8.7,7.5
CT_CT_C2_L117_P202_F,117,202,2,F,Control,Vehicle,PND28,7.8,6.4
CT_CT_C2_L117_P204_M,117,204,2,M,Control,Vehicle,PND28,9.8,8.2
CT_CT_C2_L122_P207_F,122,207,2,F,Control,Vehicle,PND28,12.6,11.2
CT_CT_C2_L122_P208_F,122,208,2,F,Control,Vehicle,PND28,11.9,10.4
CT_CT_C2_L117_P209_M,117,209,2,M,Control,Vehicle,PND28,14.7,13.3
CT_CT_C4_L129_P401_F,129,401,4,F,Control,Vehicle,PND28,10.8,9.4
CT_CT_C4_L129_P402_F,129,402,4,F,Control,Vehicle,PND28,10.6,9.2
CT_CT_C4_L129_P405_M,129,405,4,M,Control,Vehicle,PND28,11.1,9.7
CT_CT_C4_L129_P407_M,129,407,4,M,Control,Vehicle,PND28,10.8,9.4
CT_CT_C4_L113_P408_F,113,408,4,F,Control,Vehicle,PND28,9.5,8.1
CT_CT_C4_L113_P409_F,113,409,4,F,Control,Vehicle,PND28,7.6,6.2
CT_CT_C4_L113_P412_M,113,412,4,M,Control,Vehicle,PND28,11.2,9.8
CT_CT_C4_L113_P413_M,113,413,4,M,Control,Vehicle,PND28,11,9.6
HFHS_CT_C1_L110_P109_M,110,109,1,M,HFHS,Vehicle,PND28,16.2,14.9
HFHS_CT_C1_L110_P110_M,110,110,1,M,HFHS,Vehicle,PND28,16,14.5
HFHS_CT_C1_L107_P119_M,107,119,1,M,HFHS,Vehicle,PND28,12.5,11.2
HFHS_CT_C1_L107_P121_M,107,121,1,M,HFHS,Vehicle,PND28,12.5,11.3
HFHS_CT_C2_L123_P211_F,123,211,2,F,HFHS,Vehicle,PND28,9.4,8.1
HFHS_CT_C2_L123_P212_F,123,212,2,F,HFHS,Vehicle,PND28,12,10.7
HFHS_CT_C2_L123_P213_F,123,213,2,F,HFHS,Vehicle,PND28,13,11.6
HFHS_CT_C2_L123_P216_M,123,216,2,M,HFHS,Vehicle,PND28,16.2,14.8
HFHS_CT_C2_L123_P217_M,123,217,2,M,HFHS,Vehicle,PND28,11.7,10.4
HFHS_CT_C2_L123_P218_F,123,218,2,F,HFHS,Vehicle,PND28,15.9,14.2
HFHS_CT_C2_L121_P219_M,121,219,2,M,HFHS,Vehicle,PND28,16.8,15.3
HFHS_CT_C2_L121_P221_M,121,221,2,M,HFHS,Vehicle,PND28,18.9,17.4
HFHS_CT_C3_L125.1_P302_F,125.1,302,3,F,HFHS,Vehicle,PND28,13,11.5
HFHS_CT_C3_L125.2_P303_F,125.2,303,3,F,HFHS,Vehicle,PND28,12.4,11
HFHS_CT_C3_L125.2_P304_F,125.2,304,3,F,HFHS,Vehicle,PND28,12.5,11.2
HFHS_CT_C3_L125.1_P305_F,125.1,305,3,F,HFHS,Vehicle,PND28,12.8,11.5
HFHS_CT_C3_L125.2_P306_F,125.2,306,3,F,HFHS,Vehicle,PND28,12.5,11.2
HFHS_CT_C3_L125_P308_M,125,308,3,M,HFHS,Vehicle,PND28,14.6,13.2
HFHS_CT_C3_L125_P310_M,125,310,3,M,HFHS,Vehicle,PND28,13.1,11.8
HFHS_CT_C4_L126_P419_F,126,419,4,F,HFHS,Vehicle,PND28,15.1,13.8
HFHS_CT_C4_L126_P420_F,126,420,4,F,HFHS,Vehicle,PND28,14.9,13.7
HFHS_CT_C4_L126_P421_F,126,421,4,F,HFHS,Vehicle,PND28,13.8,12.5
HFHS_CT_C4_L126_P422_M,126,422,4,M,HFHS,Vehicle,PND28,14.9,13.5
HFHS_CT_C4_L126_P423_M,126,423,4,M,HFHS,Vehicle,PND28,15.7,14.4
HFHS_FOS+GOS_C1_L106_P122_F,106,122,1,F,HFHS,FOS+GOS,PND28,12.2,
HFHS_FOS+GOS_C1_L106_P124_F,106,124,1,F,HFHS,FOS+GOS,PND28,15.2,13.7
HFHS_FOS+GOS_C1_L106_P125_M,106,125,1,M,HFHS,FOS+GOS,PND28,18,16.4
HFHS_FOS+GOS_C1_L106_P126_M,106,126,1,M,HFHS,FOS+GOS,PND28,16.7,15.3
HFHS_FOS+GOS_C2_L124_P223_F,124,223,2,F,HFHS,FOS+GOS,PND28,14.9,13.6
HFHS_FOS+GOS_C2_L124_P224_F,124,224,2,F,HFHS,FOS+GOS,PND28,15.1,13.8
HFHS_FOS+GOS_C2_L124_P225_F,124,225,2,F,HFHS,FOS+GOS,PND28,13.4,12
HFHS_FOS+GOS_C2_L124_P226_M,124,226,2,M,HFHS,FOS+GOS,PND28,12.8,
HFHS_FOS+GOS_C2_L124_P227_M,124,227,2,M,HFHS,FOS+GOS,PND28,16.4,15.2
HFHS_FOS+GOS_C2_L124_P228_M,124,228,2,M,HFHS,FOS+GOS,PND28,17.1,15.8
HFHS_FOS+GOS_C2_L119_P231_F,119,231,2,F,HFHS,FOS+GOS,PND28,13.9,12.5
HFHS_FOS+GOS_C2_L119_P232_F,119,232,2,F,HFHS,FOS+GOS,PND28,13.6,12.2
HFHS_FOS+GOS_C2_L119_P233_F,119,233,2,F,HFHS,FOS+GOS,PND28,15.2,13.5
HFHS_FOS+GOS_C2_L119_P234_M,119,234,2,M,HFHS,FOS+GOS,PND28,17.6,16.1
HFHS_FOS+GOS_C2_L119_P235_M,119,235,2,M,HFHS,FOS+GOS,PND28,17.5,16.2
HFHS_FOS+GOS_C2_L128_P236_F,128,236,2,F,HFHS,FOS+GOS,PND28,13.8,12.6
HFHS_FOS+GOS_C2_L128_P237_F,128,237,2,F,HFHS,FOS+GOS,PND28,14.7,13.2
HFHS_FOS+GOS_C2_L128_P238_F,128,238,2,F,HFHS,FOS+GOS,PND28,13.7,12.5
HFHS_FOS+GOS_C2_L128_P239_M,128,239,2,M,HFHS,FOS+GOS,PND28,13.9,12.7
HFHS_FOS+GOS_C2_L128_P239_M,128,241,2,M,HFHS,FOS+GOS,PND28,17,15.6
HFHS_FOS+GOS_C2_L128_P239_M,128,243,2,M,HFHS,FOS+GOS,PND28,16,14.7
HFHS_FOS+GOS_C3_L114_P311_F,114,311,3,F,HFHS,FOS+GOS,PND28,14.6,13.2
HFHS_FOS+GOS_C3_L114_P312_M,114,312,3,M,HFHS,FOS+GOS,PND28,16.4,14.8
HFHS_FOS+GOS_C3_L114_P314_M,114,314,3,M,HFHS,FOS+GOS,PND28,16.7,15.2
HFHS_FOS+GOS_C3_L114_P315_M,114,315,3,M,HFHS,FOS+GOS,PND28,17.8,16.2
HFHS_1472_C1_L115_P128_F,115,128,1,F,HFHS,1472,PND28,10,8.6
HFHS_1472_C1_L115_P130_F,115,130,1,F,HFHS,1472,PND28,12.4,11.2
HFHS_1472_C1_L115_P131_F,115,131,1,F,HFHS,1472,PND28,9.2,8
HFHS_1472_C1_L115_P132_M,115,132,1,M,HFHS,1472,PND28,12.1,10.9
HFHS_1472_C1_L115_P133_M,115,133,1,M,HFHS,1472,PND28,10.5,9.1
HFHS_1472_C1_L111_P134_F,111,134,1,F,HFHS,1472,PND28,12.2,10.8
HFHS_1472_C1_L111_P135_F,111,135,1,F,HFHS,1472,PND28,12.1,11
HFHS_1472_C1_L111_P136_M,111,136,1,M,HFHS,1472,PND28,14.2,13.1
HFHS_1472_C1_L111_P137_M,111,137,1,M,HFHS,1472,PND28,13.9,12.5
HFHS_1472_C2_L120_P245_F,120,245,2,F,HFHS,1472,PND28,10.7,9.5
HFHS_1472_C2_L120_P246_F,120,246,2,F,HFHS,1472,PND28,11.1,9.7
HFHS_1472_C2_L127_P247_F,127,247,2,F,HFHS,1472,PND28,12.4,10.9
HFHS_1472_C2_L127_P248_F,127,248,2,F,HFHS,1472,PND28,11.2,10.1
HFHS_1472_C2_L127_P250_M,127,250,2,M,HFHS,1472,PND28,16.8,15.5
HFHS_1472_C2_L127_P251_M,127,251,2,M,HFHS,1472,PND28,17.1,15.7
HFHS_1472_C2_L127_P252_M,127,252,2,M,HFHS,1472,PND28,18.5,17.2
HFHS_1472_C4_L116_P435_F,116,435,4,F,HFHS,1472,PND28,14.8,13.4
HFHS_1472_C4_L116_P436_F,116,436,4,F,HFHS,1472,PND28,15.1,13.6
HFHS_1472_C4_L116_P438_M,116,438,4,M,HFHS,1472,PND28,16.6,15.1
HFHS_1472_C4_L116_P439_M,116,439,4,M,HFHS,1472,PND28,18.1,16.7
HFHS_1472_C5_L130_P501_F,130,501,5,F,HFHS,1472,PND28,14.5,13.1
HFHS_1472_C5_L130_P503_F,130,503,5,F,HFHS,1472,PND28,13.2,11.7
HFHS_1472_C5_L130_P506_M,130,506,5,M,HFHS,1472,PND28,18.8,17.2
HFHS_1472_C5_L130_P507_M,130,507,5,M,HFHS,1472,PND28,17.8,16.3
HFHS_1472_C5_L130_P508_M,130,508,5,M,HFHS,1472,PND28,14.9,13.5
CT_CT_C1_L105_P101_F,105,101,1,F,Control,Vehicle,PND35,13.4,12
CT_CT_C1_L105_P102_F,105,102,1,F,Control,Vehicle,PND35,13.5,12.5
CT_CT_C1_L105_P103_M,105,103,1,M,Control,Vehicle,PND35,9.2,8
CT_CT_C1_L105_P104_M,105,104,1,M,Control,Vehicle,PND35,11.5,10.1
CT_CT_C1_L105_P105_M,105,105,1,M,Control,Vehicle,PND35,9.2,7.9
CT_CT_C1_L105_P106_M,105,106,1,M,Control,Vehicle,PND35,12,10.8
CT_CT_C1_L104_P113_F,104,113,1,F,Control,Vehicle,PND35,14.5,13.4
CT_CT_C1_L104_P115_F,104,115,1,F,Control,Vehicle,PND35,9.5,8.3
CT_CT_C1_L104_P116_M,104,116,1,M,Control,Vehicle,PND35,10.4,9.2
CT_CT_C1_L104_P117_M,104,117,1,M,Control,Vehicle,PND35,18.3,16.9
CT_CT_C2_L117_P201_F,117,201,2,F,Control,Vehicle,PND35,12.8,11.6
CT_CT_C2_L117_P202_F,117,202,2,F,Control,Vehicle,PND35,11.4,10
CT_CT_C2_L117_P204_M,117,204,2,M,Control,Vehicle,PND35,12.8,11.2
CT_CT_C2_L122_P207_F,122,207,2,F,Control,Vehicle,PND35,15.9,14.5
CT_CT_C2_L122_P208_F,122,208,2,F,Control,Vehicle,PND35,15.2,13.7
CT_CT_C2_L117_P209_M,117,209,2,M,Control,Vehicle,PND35,17.8,16.4
CT_CT_C4_L129_P401_F,129,401,4,F,Control,Vehicle,PND35,13.7,12.3
CT_CT_C4_L129_P402_F,129,402,4,F,Control,Vehicle,PND35,14.8,13.4
CT_CT_C4_L129_P405_M,129,405,4,M,Control,Vehicle,PND35,16.4,15
CT_CT_C4_L129_P407_M,129,407,4,M,Control,Vehicle,PND35,16.2,14.8
CT_CT_C4_L113_P408_F,113,408,4,F,Control,Vehicle,PND35,13.4,12
CT_CT_C4_L113_P409_F,113,409,4,F,Control,Vehicle,PND35,12.6,11.2
CT_CT_C4_L113_P412_M,113,412,4,M,Control,Vehicle,PND35,15.8,14.4
CT_CT_C4_L113_P413_M,113,413,4,M,Control,Vehicle,PND35,15.8,14.4
HFHS_CT_C1_L110_P109_M,110,109,1,M,HFHS,Vehicle,PND35,21.1,19.8
HFHS_CT_C1_L110_P110_M,110,110,1,M,HFHS,Vehicle,PND35,22.5,21
HFHS_CT_C1_L107_P119_M,107,119,1,M,HFHS,Vehicle,PND35,19.5,18.2
HFHS_CT_C1_L107_P121_M,107,121,1,M,HFHS,Vehicle,PND35,19,17.8
HFHS_CT_C2_L123_P211_F,123,211,2,F,HFHS,Vehicle,PND35,13.8,12.5
HFHS_CT_C2_L123_P212_F,123,212,2,F,HFHS,Vehicle,PND35,13.8,12.5
HFHS_CT_C2_L123_P213_F,123,213,2,F,HFHS,Vehicle,PND35,15.5,14.1
HFHS_CT_C2_L123_P216_M,123,216,2,M,HFHS,Vehicle,PND35,22.5,21.1
HFHS_CT_C2_L123_P217_M,123,217,2,M,HFHS,Vehicle,PND35,18.6,17.3
HFHS_CT_C2_L123_P218_F,123,218,2,F,HFHS,Vehicle,PND35,17.9,16.2
HFHS_CT_C2_L121_P219_M,121,219,2,M,HFHS,Vehicle,PND35,22.6,21.1
HFHS_CT_C2_L121_P221_M,121,221,2,M,HFHS,Vehicle,PND35,24.5,23
HFHS_CT_C3_L125.1_P302_F,125.1,302,3,F,HFHS,Vehicle,PND35,18,16.5
HFHS_CT_C3_L125.2_P303_F,125.2,303,3,F,HFHS,Vehicle,PND35,16.4,15
HFHS_CT_C3_L125.2_P304_F,125.2,304,3,F,HFHS,Vehicle,PND35,17.1,15.8
HFHS_CT_C3_L125.1_P305_F,125.1,305,3,F,HFHS,Vehicle,PND35,16.6,15.3
HFHS_CT_C3_L125.2_P306_F,125.2,306,3,F,HFHS,Vehicle,PND35,16,14.7
HFHS_CT_C3_L125_P308_M,125,308,3,M,HFHS,Vehicle,PND35,21,19.6
HFHS_CT_C3_L125_P310_M,125,310,3,M,HFHS,Vehicle,PND35,20.3,19
HFHS_CT_C4_L126_P419_F,126,419,4,F,HFHS,Vehicle,PND35,17.3,16
HFHS_CT_C4_L126_P420_F,126,420,4,F,HFHS,Vehicle,PND35,17.3,16.1
HFHS_CT_C4_L126_P421_F,126,421,4,F,HFHS,Vehicle,PND35,15.5,14.2
HFHS_CT_C4_L126_P422_M,126,422,4,M,HFHS,Vehicle,PND35,19.3,17.9
HFHS_CT_C4_L126_P423_M,126,423,4,M,HFHS,Vehicle,PND35,19.3,18
HFHS_FOS+GOS_C1_L106_P122_F,106,122,1,F,HFHS,FOS+GOS,PND35,15.9,14.4
HFHS_FOS+GOS_C1_L106_P124_F,106,124,1,F,HFHS,FOS+GOS,PND35,19,17.5
HFHS_FOS+GOS_C1_L106_P125_M,106,125,1,M,HFHS,FOS+GOS,PND35,24.4,22.8
HFHS_FOS+GOS_C1_L106_P126_M,106,126,1,M,HFHS,FOS+GOS,PND35,22.1,20.7
HFHS_FOS+GOS_C2_L124_P223_F,124,223,2,F,HFHS,FOS+GOS,PND35,17.1,15.8
HFHS_FOS+GOS_C2_L124_P224_F,124,224,2,F,HFHS,FOS+GOS,PND35,18.2,16.9
HFHS_FOS+GOS_C2_L124_P225_F,124,225,2,F,HFHS,FOS+GOS,PND35,16,14.6
HFHS_FOS+GOS_C2_L124_P226_M,124,226,2,M,HFHS,FOS+GOS,PND35,16.6,
HFHS_FOS+GOS_C2_L124_P227_M,124,227,2,M,HFHS,FOS+GOS,PND35,21,19.8
HFHS_FOS+GOS_C2_L124_P228_M,124,228,2,M,HFHS,FOS+GOS,PND35,21.1,19.8
HFHS_FOS+GOS_C2_L119_P231_F,119,231,2,F,HFHS,FOS+GOS,PND35,16.2,14.8
HFHS_FOS+GOS_C2_L119_P232_F,119,232,2,F,HFHS,FOS+GOS,PND35,16.1,14.7
HFHS_FOS+GOS_C2_L119_P233_F,119,233,2,F,HFHS,FOS+GOS,PND35,18.1,16.4
HFHS_FOS+GOS_C2_L119_P234_M,119,234,2,M,HFHS,FOS+GOS,PND35,23,21.5
HFHS_FOS+GOS_C2_L119_P235_M,119,235,2,M,HFHS,FOS+GOS,PND35,22.6,21.3
HFHS_FOS+GOS_C2_L128_P236_F,128,236,2,F,HFHS,FOS+GOS,PND35,18.8,17.6
HFHS_FOS+GOS_C2_L128_P237_F,128,237,2,F,HFHS,FOS+GOS,PND35,18.6,17.1
HFHS_FOS+GOS_C2_L128_P238_F,128,238,2,F,HFHS,FOS+GOS,PND35,17.7,16.5
HFHS_FOS+GOS_C2_L128_P239_M,128,239,2,M,HFHS,FOS+GOS,PND35,21.8,20.6
HFHS_FOS+GOS_C2_L128_P239_M,128,241,2,M,HFHS,FOS+GOS,PND35,23,21.6
HFHS_FOS+GOS_C2_L128_P239_M,128,243,2,M,HFHS,FOS+GOS,PND35,22.4,21.1
HFHS_FOS+GOS_C3_L114_P311_F,114,311,3,F,HFHS,FOS+GOS,PND35,19.2,17.8
HFHS_FOS+GOS_C3_L114_P312_M,114,312,3,M,HFHS,FOS+GOS,PND35,21.9,20.3
HFHS_FOS+GOS_C3_L114_P314_M,114,314,3,M,HFHS,FOS+GOS,PND35,23.6,22.1
HFHS_FOS+GOS_C3_L114_P315_M,114,315,3,M,HFHS,FOS+GOS,PND35,24.2,22.6
HFHS_1472_C1_L115_P128_F,115,128,1,F,HFHS,1472,PND35,12.8,11.4
HFHS_1472_C1_L115_P130_F,115,130,1,F,HFHS,1472,PND35,15.7,14.5
HFHS_1472_C1_L115_P131_F,115,131,1,F,HFHS,1472,PND35,12.6,11.4
HFHS_1472_C1_L115_P132_M,115,132,1,M,HFHS,1472,PND35,18,16.8
HFHS_1472_C1_L115_P133_M,115,133,1,M,HFHS,1472,PND35,16.8,15.4
HFHS_1472_C1_L111_P134_F,111,134,1,F,HFHS,1472,PND35,15.3,13.9
HFHS_1472_C1_L111_P135_F,111,135,1,F,HFHS,1472,PND35,15.6,14.5
HFHS_1472_C1_L111_P136_M,111,136,1,M,HFHS,1472,PND35,19.4,18.3
HFHS_1472_C1_L111_P137_M,111,137,1,M,HFHS,1472,PND35,18.4,17
HFHS_1472_C2_L120_P245_F,120,245,2,F,HFHS,1472,PND35,15.6,14.4
HFHS_1472_C2_L120_P246_F,120,246,2,F,HFHS,1472,PND35,15.3,13.9
HFHS_1472_C2_L127_P247_F,127,247,2,F,HFHS,1472,PND35,17.8,16.3
HFHS_1472_C2_L127_P248_F,127,248,2,F,HFHS,1472,PND35,16.2,15.1
HFHS_1472_C2_L127_P250_M,127,250,2,M,HFHS,1472,PND35,20.8,19.5
HFHS_1472_C2_L127_P251_M,127,251,2,M,HFHS,1472,PND35,22.5,21.1
HFHS_1472_C2_L127_P252_M,127,252,2,M,HFHS,1472,PND35,22.8,21.5
HFHS_1472_C4_L116_P435_F,116,435,4,F,HFHS,1472,PND35,16.5,15.1
HFHS_1472_C4_L116_P436_F,116,436,4,F,HFHS,1472,PND35,17,15.5
HFHS_1472_C4_L116_P438_M,116,438,4,M,HFHS,1472,PND35,21.3,19.8
HFHS_1472_C4_L116_P439_M,116,439,4,M,HFHS,1472,PND35,24,22.6
HFHS_1472_C5_L130_P501_F,130,501,5,F,HFHS,1472,PND35,18,16.6
HFHS_1472_C5_L130_P503_F,130,503,5,F,HFHS,1472,PND35,16.3,14.8
HFHS_1472_C5_L130_P506_M,130,506,5,M,HFHS,1472,PND35,23,21.4
HFHS_1472_C5_L130_P507_M,130,507,5,M,HFHS,1472,PND35,22.1,20.6
HFHS_1472_C5_L130_P508_M,130,508,5,M,HFHS,1472,PND35,19.4,18
CT_CT_C1_L105_P101_F,105,101,1,F,Control,Vehicle,PND42,16.3,14.9
CT_CT_C1_L105_P102_F,105,102,1,F,Control,Vehicle,PND42,14.5,13.5
CT_CT_C1_L105_P103_M,105,103,1,M,Control,Vehicle,PND42,14.2,13
CT_CT_C1_L105_P104_M,105,104,1,M,Control,Vehicle,PND42,17,15.6
CT_CT_C1_L105_P105_M,105,105,1,M,Control,Vehicle,PND42,13,11.7
CT_CT_C1_L105_P106_M,105,106,1,M,Control,Vehicle,PND42,17.7,16.5
CT_CT_C1_L104_P113_F,104,113,1,F,Control,Vehicle,PND42,15.2,14.1
CT_CT_C1_L104_P115_F,104,115,1,F,Control,Vehicle,PND42,11.3,10.1
CT_CT_C1_L104_P116_M,104,116,1,M,Control,Vehicle,PND42,13.6,12.4
CT_CT_C1_L104_P117_M,104,117,1,M,Control,Vehicle,PND42,20.6,19.2
CT_CT_C2_L117_P201_F,117,201,2,F,Control,Vehicle,PND42,14.2,13
CT_CT_C2_L117_P202_F,117,202,2,F,Control,Vehicle,PND42,12.7,11.3
CT_CT_C2_L117_P204_M,117,204,2,M,Control,Vehicle,PND42,17.1,15.5
CT_CT_C2_L122_P207_F,122,207,2,F,Control,Vehicle,PND42,17,15.6
CT_CT_C2_L122_P208_F,122,208,2,F,Control,Vehicle,PND42,16.6,15.1
CT_CT_C2_L117_P209_M,117,209,2,M,Control,Vehicle,PND42,20.4,19
CT_CT_C4_L129_P401_F,129,401,4,F,Control,Vehicle,PND42,16.5,15.1
CT_CT_C4_L129_P402_F,129,402,4,F,Control,Vehicle,PND42,16.1,14.7
CT_CT_C4_L129_P405_M,129,405,4,M,Control,Vehicle,PND42,18.7,17.3
CT_CT_C4_L129_P407_M,129,407,4,M,Control,Vehicle,PND42,18.5,17.1
CT_CT_C4_L113_P408_F,113,408,4,F,Control,Vehicle,PND42,13.5,12.1
CT_CT_C4_L113_P409_F,113,409,4,F,Control,Vehicle,PND42,13.5,12.1
CT_CT_C4_L113_P412_M,113,412,4,M,Control,Vehicle,PND42,19.1,17.7
CT_CT_C4_L113_P413_M,113,413,4,M,Control,Vehicle,PND42,19.2,17.8
HFHS_CT_C1_L110_P109_M,110,109,1,M,HFHS,Vehicle,PND42,21.4,20.1
HFHS_CT_C1_L110_P110_M,110,110,1,M,HFHS,Vehicle,PND42,21.4,19.9
HFHS_CT_C1_L107_P119_M,107,119,1,M,HFHS,Vehicle,PND42,19.1,17.8
HFHS_CT_C1_L107_P121_M,107,121,1,M,HFHS,Vehicle,PND42,19.7,18.5
HFHS_CT_C2_L123_P211_F,123,211,2,F,HFHS,Vehicle,PND42,13.7,12.4
HFHS_CT_C2_L123_P212_F,123,212,2,F,HFHS,Vehicle,PND42,13.4,12.1
HFHS_CT_C2_L123_P213_F,123,213,2,F,HFHS,Vehicle,PND42,14.9,13.5
HFHS_CT_C2_L123_P216_M,123,216,2,M,HFHS,Vehicle,PND42,23.9,22.5
HFHS_CT_C2_L123_P217_M,123,217,2,M,HFHS,Vehicle,PND42,18.9,17.6
HFHS_CT_C2_L123_P218_F,123,218,2,F,HFHS,Vehicle,PND42,18,16.3
HFHS_CT_C2_L121_P219_M,121,219,2,M,HFHS,Vehicle,PND42,21.7,20.2
HFHS_CT_C2_L121_P221_M,121,221,2,M,HFHS,Vehicle,PND42,22.7,21.2
HFHS_CT_C3_L125.1_P302_F,125.1,302,3,F,HFHS,Vehicle,PND42,17.1,15.6
HFHS_CT_C3_L125.2_P303_F,125.2,303,3,F,HFHS,Vehicle,PND42,15.9,14.5
HFHS_CT_C3_L125.2_P304_F,125.2,304,3,F,HFHS,Vehicle,PND42,16.7,15.4
HFHS_CT_C3_L125.1_P305_F,125.1,305,3,F,HFHS,Vehicle,PND42,15.2,13.9
HFHS_CT_C3_L125.2_P306_F,125.2,306,3,F,HFHS,Vehicle,PND42,16.1,14.8
HFHS_CT_C3_L125_P308_M,125,308,3,M,HFHS,Vehicle,PND42,21.7,20.3
HFHS_CT_C3_L125_P310_M,125,310,3,M,HFHS,Vehicle,PND42,21.1,19.8
HFHS_CT_C4_L126_P419_F,126,419,4,F,HFHS,Vehicle,PND42,14.9,13.6
HFHS_CT_C4_L126_P420_F,126,420,4,F,HFHS,Vehicle,PND42,15.9,14.7
HFHS_CT_C4_L126_P421_F,126,421,4,F,HFHS,Vehicle,PND42,15.2,13.9
HFHS_CT_C4_L126_P422_M,126,422,4,M,HFHS,Vehicle,PND42,17.9,16.5
HFHS_CT_C4_L126_P423_M,126,423,4,M,HFHS,Vehicle,PND42,17.7,16.4
HFHS_FOS+GOS_C1_L106_P122_F,106,122,1,F,HFHS,FOS+GOS,PND42,16.2,14.7
HFHS_FOS+GOS_C1_L106_P124_F,106,124,1,F,HFHS,FOS+GOS,PND42,19.1,17.6
HFHS_FOS+GOS_C1_L106_P125_M,106,125,1,M,HFHS,FOS+GOS,PND42,24.7,23.1
HFHS_FOS+GOS_C1_L106_P126_M,106,126,1,M,HFHS,FOS+GOS,PND42,23,21.6
HFHS_FOS+GOS_C2_L124_P223_F,124,223,2,F,HFHS,FOS+GOS,PND42,17.1,15.8
HFHS_FOS+GOS_C2_L124_P224_F,124,224,2,F,HFHS,FOS+GOS,PND42,17,15.7
HFHS_FOS+GOS_C2_L124_P225_F,124,225,2,F,HFHS,FOS+GOS,PND42,17.2,15.8
HFHS_FOS+GOS_C2_L124_P226_M,124,226,2,M,HFHS,FOS+GOS,PND42,17.6,
HFHS_FOS+GOS_C2_L124_P227_M,124,227,2,M,HFHS,FOS+GOS,PND42,21,19.8
HFHS_FOS+GOS_C2_L124_P228_M,124,228,2,M,HFHS,FOS+GOS,PND42,22,20.7
HFHS_FOS+GOS_C2_L119_P231_F,119,231,2,F,HFHS,FOS+GOS,PND42,16.5,15.1
HFHS_FOS+GOS_C2_L119_P232_F,119,232,2,F,HFHS,FOS+GOS,PND42,15.4,14
HFHS_FOS+GOS_C2_L119_P233_F,119,233,2,F,HFHS,FOS+GOS,PND42,17,15.3
HFHS_FOS+GOS_C2_L119_P234_M,119,234,2,M,HFHS,FOS+GOS,PND42,22.5,21
HFHS_FOS+GOS_C2_L119_P235_M,119,235,2,M,HFHS,FOS+GOS,PND42,22.5,21.2
HFHS_FOS+GOS_C2_L128_P236_F,128,236,2,F,HFHS,FOS+GOS,PND42,17.8,16.6
HFHS_FOS+GOS_C2_L128_P237_F,128,237,2,F,HFHS,FOS+GOS,PND42,18.1,16.6
HFHS_FOS+GOS_C2_L128_P238_F,128,238,2,F,HFHS,FOS+GOS,PND42,16.6,15.4
HFHS_FOS+GOS_C2_L128_P239_M,128,239,2,M,HFHS,FOS+GOS,PND42,21.1,19.9
HFHS_FOS+GOS_C2_L128_P239_M,128,241,2,M,HFHS,FOS+GOS,PND42,23.1,21.7
HFHS_FOS+GOS_C2_L128_P239_M,128,243,2,M,HFHS,FOS+GOS,PND42,23.1,21.8
HFHS_FOS+GOS_C3_L114_P311_F,114,311,3,F,HFHS,FOS+GOS,PND42,20,18.6
HFHS_FOS+GOS_C3_L114_P312_M,114,312,3,M,HFHS,FOS+GOS,PND42,22.6,21
HFHS_FOS+GOS_C3_L114_P314_M,114,314,3,M,HFHS,FOS+GOS,PND42,24,22.5
HFHS_FOS+GOS_C3_L114_P315_M,114,315,3,M,HFHS,FOS+GOS,PND42,24.6,23
HFHS_1472_C1_L115_P128_F,115,128,1,F,HFHS,1472,PND42,11.8,10.4
HFHS_1472_C1_L115_P130_F,115,130,1,F,HFHS,1472,PND42,16,14.8
HFHS_1472_C1_L115_P131_F,115,131,1,F,HFHS,1472,PND42,10,8.8
HFHS_1472_C1_L115_P132_M,115,132,1,M,HFHS,1472,PND42,17.5,16.3
HFHS_1472_C1_L115_P133_M,115,133,1,M,HFHS,1472,PND42,17.9,16.5
HFHS_1472_C1_L111_P134_F,111,134,1,F,HFHS,1472,PND42,14.9,13.5
HFHS_1472_C1_L111_P135_F,111,135,1,F,HFHS,1472,PND42,13.3,12.2
HFHS_1472_C1_L111_P136_M,111,136,1,M,HFHS,1472,PND42,20.2,19.1
HFHS_1472_C1_L111_P137_M,111,137,1,M,HFHS,1472,PND42,18.5,17.1
HFHS_1472_C2_L120_P245_F,120,245,2,F,HFHS,1472,PND42,13.6,12.4
HFHS_1472_C2_L120_P246_F,120,246,2,F,HFHS,1472,PND42,14.4,13
HFHS_1472_C2_L127_P247_F,127,247,2,F,HFHS,1472,PND42,17.1,15.6
HFHS_1472_C2_L127_P248_F,127,248,2,F,HFHS,1472,PND42,16.3,15.2
HFHS_1472_C2_L127_P250_M,127,250,2,M,HFHS,1472,PND42,21.6,20.3
HFHS_1472_C2_L127_P251_M,127,251,2,M,HFHS,1472,PND42,22.1,20.7
HFHS_1472_C2_L127_P252_M,127,252,2,M,HFHS,1472,PND42,23.3,22
HFHS_1472_C4_L116_P435_F,116,435,4,F,HFHS,1472,PND42,16.7,15.3
HFHS_1472_C4_L116_P436_F,116,436,4,F,HFHS,1472,PND42,17.5,16
HFHS_1472_C4_L116_P438_M,116,438,4,M,HFHS,1472,PND42,21.4,19.9
HFHS_1472_C4_L116_P439_M,116,439,4,M,HFHS,1472,PND42,21.3,19.9
HFHS_1472_C5_L130_P501_F,130,501,5,F,HFHS,1472,PND42,16.7,15.3
HFHS_1472_C5_L130_P503_F,130,503,5,F,HFHS,1472,PND42,16.2,14.7
HFHS_1472_C5_L130_P506_M,130,506,5,M,HFHS,1472,PND42,21.8,20.2
HFHS_1472_C5_L130_P507_M,130,507,5,M,HFHS,1472,PND42,22.2,20.7
HFHS_1472_C5_L130_P508_M,130,508,5,M,HFHS,1472,PND42,19.8,18.4
CT_CT_C1_L105_P101_F,105,101,1,F,Control,Vehicle,PND49,17.6,16.2
CT_CT_C1_L105_P102_F,105,102,1,F,Control,Vehicle,PND49,15.4,14.4
CT_CT_C1_L105_P103_M,105,103,1,M,Control,Vehicle,PND49,17.4,16.2
CT_CT_C1_L105_P104_M,105,104,1,M,Control,Vehicle,PND49,19.4,18
CT_CT_C1_L105_P105_M,105,105,1,M,Control,Vehicle,PND49,16.9,15.6
CT_CT_C1_L105_P106_M,105,106,1,M,Control,Vehicle,PND49,19.7,18.5
CT_CT_C1_L104_P113_F,104,113,1,F,Control,Vehicle,PND49,16.9,15.8
CT_CT_C1_L104_P115_F,104,115,1,F,Control,Vehicle,PND49,12.7,11.5
CT_CT_C1_L104_P116_M,104,116,1,M,Control,Vehicle,PND49,16.4,15.2
CT_CT_C1_L104_P117_M,104,117,1,M,Control,Vehicle,PND49,22.9,21.5
CT_CT_C2_L117_P201_F,117,201,2,F,Control,Vehicle,PND49,15.6,14.4
CT_CT_C2_L117_P202_F,117,202,2,F,Control,Vehicle,PND49,13,11.6
CT_CT_C2_L117_P204_M,117,204,2,M,Control,Vehicle,PND49,23.1,21.5
CT_CT_C2_L122_P207_F,122,207,2,F,Control,Vehicle,PND49,17.5,16.1
CT_CT_C2_L122_P208_F,122,208,2,F,Control,Vehicle,PND49,17.1,15.6
CT_CT_C2_L117_P209_M,117,209,2,M,Control,Vehicle,PND49,19.5,18.1
CT_CT_C4_L129_P401_F,129,401,4,F,Control,Vehicle,PND49,17.5,16.1
CT_CT_C4_L129_P402_F,129,402,4,F,Control,Vehicle,PND49,16.3,14.9
CT_CT_C4_L129_P405_M,129,405,4,M,Control,Vehicle,PND49,20.7,19.3
CT_CT_C4_L129_P407_M,129,407,4,M,Control,Vehicle,PND49,20,18.6
CT_CT_C4_L113_P408_F,113,408,4,F,Control,Vehicle,PND49,15,13.6
CT_CT_C4_L113_P409_F,113,409,4,F,Control,Vehicle,PND49,15,13.6
CT_CT_C4_L113_P412_M,113,412,4,M,Control,Vehicle,PND49,21.1,19.7
CT_CT_C4_L113_P413_M,113,413,4,M,Control,Vehicle,PND49,22.4,21
HFHS_CT_C1_L110_P109_M,110,109,1,M,HFHS,Vehicle,PND49,23,21.7
HFHS_CT_C1_L110_P110_M,110,110,1,M,HFHS,Vehicle,PND49,23,21.5
HFHS_CT_C1_L107_P119_M,107,119,1,M,HFHS,Vehicle,PND49,20.5,19.2
HFHS_CT_C1_L107_P121_M,107,121,1,M,HFHS,Vehicle,PND49,20.6,19.4
HFHS_CT_C2_L123_P211_F,123,211,2,F,HFHS,Vehicle,PND49,14.9,13.6
HFHS_CT_C2_L123_P212_F,123,212,2,F,HFHS,Vehicle,PND49,14.3,13
HFHS_CT_C2_L123_P213_F,123,213,2,F,HFHS,Vehicle,PND49,16.2,14.8
HFHS_CT_C2_L123_P216_M,123,216,2,M,HFHS,Vehicle,PND49,23.7,22.3
HFHS_CT_C2_L123_P217_M,123,217,2,M,HFHS,Vehicle,PND49,19.8,18.5
HFHS_CT_C2_L123_P218_F,123,218,2,F,HFHS,Vehicle,PND49,18.2,16.5
HFHS_CT_C2_L121_P219_M,121,219,2,M,HFHS,Vehicle,PND49,20.7,19.2
HFHS_CT_C2_L121_P221_M,121,221,2,M,HFHS,Vehicle,PND49,23,21.5
HFHS_CT_C3_L125.1_P302_F,125.1,302,3,F,HFHS,Vehicle,PND49,17.4,15.9
HFHS_CT_C3_L125.2_P303_F,125.2,303,3,F,HFHS,Vehicle,PND49,16,14.6
HFHS_CT_C3_L125.2_P304_F,125.2,304,3,F,HFHS,Vehicle,PND49,16.5,15.2
HFHS_CT_C3_L125.1_P305_F,125.1,305,3,F,HFHS,Vehicle,PND49,15.8,14.5
HFHS_CT_C3_L125.2_P306_F,125.2,306,3,F,HFHS,Vehicle,PND49,15.8,14.5
HFHS_CT_C3_L125_P308_M,125,308,3,M,HFHS,Vehicle,PND49,21.3,19.9
HFHS_CT_C3_L125_P310_M,125,310,3,M,HFHS,Vehicle,PND49,22.8,21.5
HFHS_CT_C4_L126_P419_F,126,419,4,F,HFHS,Vehicle,PND49,16.1,14.8
HFHS_CT_C4_L126_P420_F,126,420,4,F,HFHS,Vehicle,PND49,17.1,15.9
HFHS_CT_C4_L126_P421_F,126,421,4,F,HFHS,Vehicle,PND49,16,14.7
HFHS_CT_C4_L126_P422_M,126,422,4,M,HFHS,Vehicle,PND49,19.8,18.4
HFHS_CT_C4_L126_P423_M,126,423,4,M,HFHS,Vehicle,PND49,19.3,18
HFHS_FOS+GOS_C1_L106_P122_F,106,122,1,F,HFHS,FOS+GOS,PND49,17.2,15.7
HFHS_FOS+GOS_C1_L106_P124_F,106,124,1,F,HFHS,FOS+GOS,PND49,19.5,18
HFHS_FOS+GOS_C1_L106_P125_M,106,125,1,M,HFHS,FOS+GOS,PND49,25.5,23.9
HFHS_FOS+GOS_C1_L106_P126_M,106,126,1,M,HFHS,FOS+GOS,PND49,23.9,22.5
HFHS_FOS+GOS_C2_L124_P223_F,124,223,2,F,HFHS,FOS+GOS,PND49,17.2,15.9
HFHS_FOS+GOS_C2_L124_P224_F,124,224,2,F,HFHS,FOS+GOS,PND49,17.1,15.8
HFHS_FOS+GOS_C2_L124_P225_F,124,225,2,F,HFHS,FOS+GOS,PND49,16.7,15.3
HFHS_FOS+GOS_C2_L124_P226_M,124,226,2,M,HFHS,FOS+GOS,PND49,18.4,
HFHS_FOS+GOS_C2_L124_P227_M,124,227,2,M,HFHS,FOS+GOS,PND49,22.4,21.2
HFHS_FOS+GOS_C2_L124_P228_M,124,228,2,M,HFHS,FOS+GOS,PND49,21.9,20.6
HFHS_FOS+GOS_C2_L119_P231_F,119,231,2,F,HFHS,FOS+GOS,PND49,16.1,14.7
HFHS_FOS+GOS_C2_L119_P232_F,119,232,2,F,HFHS,FOS+GOS,PND49,15.4,14
HFHS_FOS+GOS_C2_L119_P233_F,119,233,2,F,HFHS,FOS+GOS,PND49,18,16.3
HFHS_FOS+GOS_C2_L119_P234_M,119,234,2,M,HFHS,FOS+GOS,PND49,22.2,20.7
HFHS_FOS+GOS_C2_L119_P235_M,119,235,2,M,HFHS,FOS+GOS,PND49,23,21.7
HFHS_FOS+GOS_C2_L128_P236_F,128,236,2,F,HFHS,FOS+GOS,PND49,17.6,16.4
HFHS_FOS+GOS_C2_L128_P237_F,128,237,2,F,HFHS,FOS+GOS,PND49,18.2,16.7
HFHS_FOS+GOS_C2_L128_P238_F,128,238,2,F,HFHS,FOS+GOS,PND49,17.4,16.2
HFHS_FOS+GOS_C2_L128_P239_M,128,239,2,M,HFHS,FOS+GOS,PND49,23.8,22.6
HFHS_FOS+GOS_C2_L128_P239_M,128,241,2,M,HFHS,FOS+GOS,PND49,24,22.6
HFHS_FOS+GOS_C2_L128_P239_M,128,243,2,M,HFHS,FOS+GOS,PND49,24.1,22.8
HFHS_FOS+GOS_C3_L114_P311_F,114,311,3,F,HFHS,FOS+GOS,PND49,18.3,16.9
HFHS_FOS+GOS_C3_L114_P312_M,114,312,3,M,HFHS,FOS+GOS,PND49,21.6,20
HFHS_FOS+GOS_C3_L114_P314_M,114,314,3,M,HFHS,FOS+GOS,PND49,23.4,21.9
HFHS_FOS+GOS_C3_L114_P315_M,114,315,3,M,HFHS,FOS+GOS,PND49,23.3,21.7
HFHS_1472_C1_L115_P128_F,115,128,1,F,HFHS,1472,PND49,13.4,12
HFHS_1472_C1_L115_P130_F,115,130,1,F,HFHS,1472,PND49,17.1,15.9
HFHS_1472_C1_L115_P131_F,115,131,1,F,HFHS,1472,PND49,13.2,12
HFHS_1472_C1_L115_P132_M,115,132,1,M,HFHS,1472,PND49,18.6,17.4
HFHS_1472_C1_L115_P133_M,115,133,1,M,HFHS,1472,PND49,19.5,18.1
HFHS_1472_C1_L111_P134_F,111,134,1,F,HFHS,1472,PND49,16.5,15.1
HFHS_1472_C1_L111_P135_F,111,135,1,F,HFHS,1472,PND49,15,13.9
HFHS_1472_C1_L111_P136_M,111,136,1,M,HFHS,1472,PND49,21.7,20.6
HFHS_1472_C1_L111_P137_M,111,137,1,M,HFHS,1472,PND49,20,18.6
HFHS_1472_C2_L120_P245_F,120,245,2,F,HFHS,1472,PND49,14.4,13.2
HFHS_1472_C2_L120_P246_F,120,246,2,F,HFHS,1472,PND49,14.8,13.4
HFHS_1472_C2_L127_P247_F,127,247,2,F,HFHS,1472,PND49,18.2,16.7
HFHS_1472_C2_L127_P248_F,127,248,2,F,HFHS,1472,PND49,15.9,14.8
HFHS_1472_C2_L127_P250_M,127,250,2,M,HFHS,1472,PND49,22.9,21.6
HFHS_1472_C2_L127_P251_M,127,251,2,M,HFHS,1472,PND49,23,21.6
HFHS_1472_C2_L127_P252_M,127,252,2,M,HFHS,1472,PND49,24.6,23.3
HFHS_1472_C4_L116_P435_F,116,435,4,F,HFHS,1472,PND49,18.3,16.9
HFHS_1472_C4_L116_P436_F,116,436,4,F,HFHS,1472,PND49,17.9,16.4
HFHS_1472_C4_L116_P438_M,116,438,4,M,HFHS,1472,PND49,22.2,20.7
HFHS_1472_C4_L116_P439_M,116,439,4,M,HFHS,1472,PND49,23.5,22.1
HFHS_1472_C5_L130_P501_F,130,501,5,F,HFHS,1472,PND49,16.2,14.8
HFHS_1472_C5_L130_P503_F,130,503,5,F,HFHS,1472,PND49,15.2,13.7
HFHS_1472_C5_L130_P506_M,130,506,5,M,HFHS,1472,PND49,22.5,20.9
HFHS_1472_C5_L130_P507_M,130,507,5,M,HFHS,1472,PND49,22.4,20.9
HFHS_1472_C5_L130_P508_M,130,508,5,M,HFHS,1472,PND49,20.3,18.9
CT_CT_C1_L105_P101_F,105,101,1,F,Control,Vehicle,PND56,18.8,17.4
CT_CT_C1_L105_P102_F,105,102,1,F,Control,Vehicle,PND56,16.6,15.6
CT_CT_C1_L105_P103_M,105,103,1,M,Control,Vehicle,PND56,20,18.8
CT_CT_C1_L105_P104_M,105,104,1,M,Control,Vehicle,PND56,21.4,20
CT_CT_C1_L105_P105_M,105,105,1,M,Control,Vehicle,PND56,20,18.7
CT_CT_C1_L105_P106_M,105,106,1,M,Control,Vehicle,PND56,22.1,20.9
CT_CT_C1_L104_P113_F,104,113,1,F,Control,Vehicle,PND56,17.1,16
CT_CT_C1_L104_P115_F,104,115,1,F,Control,Vehicle,PND56,13.7,12.5
CT_CT_C1_L104_P116_M,104,116,1,M,Control,Vehicle,PND56,18.1,16.9
CT_CT_C1_L104_P117_M,104,117,1,M,Control,Vehicle,PND56,24,22.6
CT_CT_C2_L117_P201_F,117,201,2,F,Control,Vehicle,PND56,16.4,15.2
CT_CT_C2_L117_P202_F,117,202,2,F,Control,Vehicle,PND56,15,13.6
CT_CT_C2_L117_P204_M,117,204,2,M,Control,Vehicle,PND56,21.9,20.3
CT_CT_C2_L122_P207_F,122,207,2,F,Control,Vehicle,PND56,17.3,15.9
CT_CT_C2_L122_P208_F,122,208,2,F,Control,Vehicle,PND56,17.2,15.7
CT_CT_C2_L117_P209_M,117,209,2,M,Control,Vehicle,PND56,25.2,23.8
CT_CT_C4_L129_P401_F,129,401,4,F,Control,Vehicle,PND56,17,15.6
CT_CT_C4_L129_P402_F,129,402,4,F,Control,Vehicle,PND56,17.1,15.7
CT_CT_C4_L129_P405_M,129,405,4,M,Control,Vehicle,PND56,22.6,21.2
CT_CT_C4_L129_P407_M,129,407,4,M,Control,Vehicle,PND56,22.5,21.1
CT_CT_C4_L113_P408_F,113,408,4,F,Control,Vehicle,PND56,16.1,14.7
CT_CT_C4_L113_P409_F,113,409,4,F,Control,Vehicle,PND56,16.3,14.9
CT_CT_C4_L113_P412_M,113,412,4,M,Control,Vehicle,PND56,23.2,21.8
CT_CT_C4_L113_P413_M,113,413,4,M,Control,Vehicle,PND56,23.7,22.3
HFHS_CT_C1_L110_P109_M,110,109,1,M,HFHS,Vehicle,PND56,24.4,23.1
HFHS_CT_C1_L110_P110_M,110,110,1,M,HFHS,Vehicle,PND56,24.1,22.6
HFHS_CT_C1_L107_P119_M,107,119,1,M,HFHS,Vehicle,PND56,20.8,19.5
HFHS_CT_C1_L107_P121_M,107,121,1,M,HFHS,Vehicle,PND56,21.7,20.5
HFHS_CT_C2_L123_P211_F,123,211,2,F,HFHS,Vehicle,PND56,15.4,14.1
HFHS_CT_C2_L123_P212_F,123,212,2,F,HFHS,Vehicle,PND56,15.3,14
HFHS_CT_C2_L123_P213_F,123,213,2,F,HFHS,Vehicle,PND56,16.7,15.3
HFHS_CT_C2_L123_P216_M,123,216,2,M,HFHS,Vehicle,PND56,24.7,23.3
HFHS_CT_C2_L123_P217_M,123,217,2,M,HFHS,Vehicle,PND56,21.3,20
HFHS_CT_C2_L123_P218_F,123,218,2,F,HFHS,Vehicle,PND56,18.3,16.6
HFHS_CT_C2_L121_P219_M,121,219,2,M,HFHS,Vehicle,PND56,21.8,20.3
HFHS_CT_C2_L121_P221_M,121,221,2,M,HFHS,Vehicle,PND56,23.9,22.4
HFHS_CT_C3_L125.1_P302_F,125.1,302,3,F,HFHS,Vehicle,PND56,18.2,16.7
HFHS_CT_C3_L125.2_P303_F,125.2,303,3,F,HFHS,Vehicle,PND56,17.2,15.8
HFHS_CT_C3_L125.2_P304_F,125.2,304,3,F,HFHS,Vehicle,PND56,17.1,15.8
HFHS_CT_C3_L125.1_P305_F,125.1,305,3,F,HFHS,Vehicle,PND56,16.8,15.5
HFHS_CT_C3_L125.2_P306_F,125.2,306,3,F,HFHS,Vehicle,PND56,15.9,14.6
HFHS_CT_C3_L125_P308_M,125,308,3,M,HFHS,Vehicle,PND56,23.7,22.3
HFHS_CT_C3_L125_P310_M,125,310,3,M,HFHS,Vehicle,PND56,23.5,22.2
HFHS_CT_C4_L126_P419_F,126,419,4,F,HFHS,Vehicle,PND56,16.5,15.2
HFHS_CT_C4_L126_P420_F,126,420,4,F,HFHS,Vehicle,PND56,17.7,16.5
HFHS_CT_C4_L126_P421_F,126,421,4,F,HFHS,Vehicle,PND56,17.1,15.8
HFHS_CT_C4_L126_P422_M,126,422,4,M,HFHS,Vehicle,PND56,20.1,18.7
HFHS_CT_C4_L126_P423_M,126,423,4,M,HFHS,Vehicle,PND56,20,18.7
HFHS_FOS+GOS_C1_L106_P122_F,106,122,1,F,HFHS,FOS+GOS,PND56,17.9,16.4
HFHS_FOS+GOS_C1_L106_P124_F,106,124,1,F,HFHS,FOS+GOS,PND56,20.4,18.9
HFHS_FOS+GOS_C1_L106_P125_M,106,125,1,M,HFHS,FOS+GOS,PND56,27.5,25.9
HFHS_FOS+GOS_C1_L106_P126_M,106,126,1,M,HFHS,FOS+GOS,PND56,26.3,24.9
HFHS_FOS+GOS_C2_L124_P223_F,124,223,2,F,HFHS,FOS+GOS,PND56,18.2,16.9
HFHS_FOS+GOS_C2_L124_P224_F,124,224,2,F,HFHS,FOS+GOS,PND56,18.4,17.1
HFHS_FOS+GOS_C2_L124_P225_F,124,225,2,F,HFHS,FOS+GOS,PND56,18.8,17.4
HFHS_FOS+GOS_C2_L124_P226_M,124,226,2,M,HFHS,FOS+GOS,PND56,18.7,
HFHS_FOS+GOS_C2_L124_P227_M,124,227,2,M,HFHS,FOS+GOS,PND56,23.5,22.3
HFHS_FOS+GOS_C2_L124_P228_M,124,228,2,M,HFHS,FOS+GOS,PND56,22.5,21.2
HFHS_FOS+GOS_C2_L119_P231_F,119,231,2,F,HFHS,FOS+GOS,PND56,17.2,15.8
HFHS_FOS+GOS_C2_L119_P232_F,119,232,2,F,HFHS,FOS+GOS,PND56,15.5,14.1
HFHS_FOS+GOS_C2_L119_P233_F,119,233,2,F,HFHS,FOS+GOS,PND56,15.9,14.2
HFHS_FOS+GOS_C2_L119_P234_M,119,234,2,M,HFHS,FOS+GOS,PND56,23.9,22.4
HFHS_FOS+GOS_C2_L119_P235_M,119,235,2,M,HFHS,FOS+GOS,PND56,24.4,23.1
HFHS_FOS+GOS_C2_L128_P236_F,128,236,2,F,HFHS,FOS+GOS,PND56,18.6,17.4
HFHS_FOS+GOS_C2_L128_P237_F,128,237,2,F,HFHS,FOS+GOS,PND56,18.7,17.2
HFHS_FOS+GOS_C2_L128_P238_F,128,238,2,F,HFHS,FOS+GOS,PND56,18.2,17
HFHS_FOS+GOS_C2_L128_P239_M,128,239,2,M,HFHS,FOS+GOS,PND56,25.1,23.9
HFHS_FOS+GOS_C2_L128_P239_M,128,241,2,M,HFHS,FOS+GOS,PND56,25,23.6
HFHS_FOS+GOS_C2_L128_P239_M,128,243,2,M,HFHS,FOS+GOS,PND56,25.7,24.4
HFHS_FOS+GOS_C3_L114_P311_F,114,311,3,F,HFHS,FOS+GOS,PND56,19.4,18
HFHS_FOS+GOS_C3_L114_P312_M,114,312,3,M,HFHS,FOS+GOS,PND56,24.9,23.3
HFHS_FOS+GOS_C3_L114_P314_M,114,314,3,M,HFHS,FOS+GOS,PND56,25.8,24.3
HFHS_FOS+GOS_C3_L114_P315_M,114,315,3,M,HFHS,FOS+GOS,PND56,26,24.4
HFHS_1472_C1_L115_P128_F,115,128,1,F,HFHS,1472,PND56,14.3,12.9
HFHS_1472_C1_L115_P130_F,115,130,1,F,HFHS,1472,PND56,17.5,16.3
HFHS_1472_C1_L115_P131_F,115,131,1,F,HFHS,1472,PND56,14,12.8
HFHS_1472_C1_L115_P132_M,115,132,1,M,HFHS,1472,PND56,19.5,18.3
HFHS_1472_C1_L115_P133_M,115,133,1,M,HFHS,1472,PND56,18.8,17.4
HFHS_1472_C1_L111_P134_F,111,134,1,F,HFHS,1472,PND56,17.5,16.1
HFHS_1472_C1_L111_P135_F,111,135,1,F,HFHS,1472,PND56,15.6,14.5
HFHS_1472_C1_L111_P136_M,111,136,1,M,HFHS,1472,PND56,23.1,22
HFHS_1472_C1_L111_P137_M,111,137,1,M,HFHS,1472,PND56,21.5,20.1
HFHS_1472_C2_L120_P245_F,120,245,2,F,HFHS,1472,PND56,15.8,14.6
HFHS_1472_C2_L120_P246_F,120,246,2,F,HFHS,1472,PND56,15.7,14.3
HFHS_1472_C2_L127_P247_F,127,247,2,F,HFHS,1472,PND56,19.4,17.9
HFHS_1472_C2_L127_P248_F,127,248,2,F,HFHS,1472,PND56,17.6,16.5
HFHS_1472_C2_L127_P250_M,127,250,2,M,HFHS,1472,PND56,23.4,22.1
HFHS_1472_C2_L127_P251_M,127,251,2,M,HFHS,1472,PND56,24.5,23.1
HFHS_1472_C2_L127_P252_M,127,252,2,M,HFHS,1472,PND56,25.4,24.1
HFHS_1472_C4_L116_P435_F,116,435,4,F,HFHS,1472,PND56,18.2,16.8
HFHS_1472_C4_L116_P436_F,116,436,4,F,HFHS,1472,PND56,17.6,16.1
HFHS_1472_C4_L116_P438_M,116,438,4,M,HFHS,1472,PND56,23.4,21.9
HFHS_1472_C4_L116_P439_M,116,439,4,M,HFHS,1472,PND56,23.6,22.2
HFHS_1472_C5_L130_P501_F,130,501,5,F,HFHS,1472,PND56,17.7,16.3
HFHS_1472_C5_L130_P503_F,130,503,5,F,HFHS,1472,PND56,16,14.5
HFHS_1472_C5_L130_P506_M,130,506,5,M,HFHS,1472,PND56,23.3,21.7
HFHS_1472_C5_L130_P507_M,130,507,5,M,HFHS,1472,PND56,23.8,22.3
HFHS_1472_C5_L130_P508_M,130,508,5,M,HFHS,1472,PND56,22.1,20.7
CT_CT_C1_L105_P101_F,105,101,1,F,Control,Vehicle,PND63,20.3,18.9
CT_CT_C1_L105_P102_F,105,102,1,F,Control,Vehicle,PND63,17.1,16.1
CT_CT_C1_L105_P103_M,105,103,1,M,Control,Vehicle,PND63,21.7,20.5
CT_CT_C1_L105_P104_M,105,104,1,M,Control,Vehicle,PND63,22.8,21.4
CT_CT_C1_L105_P105_M,105,105,1,M,Control,Vehicle,PND63,21.9,20.6
CT_CT_C1_L105_P106_M,105,106,1,M,Control,Vehicle,PND63,23.6,22.4
CT_CT_C1_L104_P113_F,104,113,1,F,Control,Vehicle,PND63,17.3,16.2
CT_CT_C1_L104_P115_F,104,115,1,F,Control,Vehicle,PND63,15.1,13.9
CT_CT_C1_L104_P116_M,104,116,1,M,Control,Vehicle,PND63,19.5,18.3
CT_CT_C1_L104_P117_M,104,117,1,M,Control,Vehicle,PND63,25.1,23.7
CT_CT_C2_L117_P201_F,117,201,2,F,Control,Vehicle,PND63,17.4,16.2
CT_CT_C2_L117_P202_F,117,202,2,F,Control,Vehicle,PND63,15.6,14.2
CT_CT_C2_L117_P204_M,117,204,2,M,Control,Vehicle,PND63,22.9,21.3
CT_CT_C2_L122_P207_F,122,207,2,F,Control,Vehicle,PND63,18.7,17.3
CT_CT_C2_L122_P208_F,122,208,2,F,Control,Vehicle,PND63,18.6,17.1
CT_CT_C2_L117_P209_M,117,209,2,M,Control,Vehicle,PND63,26.5,25.1
CT_CT_C4_L129_P401_F,129,401,4,F,Control,Vehicle,PND63,18,16.6
CT_CT_C4_L129_P402_F,129,402,4,F,Control,Vehicle,PND63,18.4,17
CT_CT_C4_L129_P405_M,129,405,4,M,Control,Vehicle,PND63,23,21.6
CT_CT_C4_L129_P407_M,129,407,4,M,Control,Vehicle,PND63,24,22.6
CT_CT_C4_L113_P408_F,113,408,4,F,Control,Vehicle,PND63,16.5,15.1
CT_CT_C4_L113_P409_F,113,409,4,F,Control,Vehicle,PND63,16.9,15.5
CT_CT_C4_L113_P412_M,113,412,4,M,Control,Vehicle,PND63,24,22.6
CT_CT_C4_L113_P413_M,113,413,4,M,Control,Vehicle,PND63,24.6,23.2
HFHS_CT_C1_L110_P109_M,110,109,1,M,HFHS,Vehicle,PND63,25.8,24.5
HFHS_CT_C1_L110_P110_M,110,110,1,M,HFHS,Vehicle,PND63,24.7,23.2
HFHS_CT_C1_L107_P119_M,107,119,1,M,HFHS,Vehicle,PND63,22.1,20.8
HFHS_CT_C1_L107_P121_M,107,121,1,M,HFHS,Vehicle,PND63,22.9,21.7
HFHS_CT_C2_L123_P211_F,123,211,2,F,HFHS,Vehicle,PND63,16.6,15.3
HFHS_CT_C2_L123_P212_F,123,212,2,F,HFHS,Vehicle,PND63,17.1,15.8
HFHS_CT_C2_L123_P213_F,123,213,2,F,HFHS,Vehicle,PND63,18.2,16.8
HFHS_CT_C2_L123_P216_M,123,216,2,M,HFHS,Vehicle,PND63,26.1,24.7
HFHS_CT_C2_L123_P217_M,123,217,2,M,HFHS,Vehicle,PND63,23,21.7
HFHS_CT_C2_L123_P218_F,123,218,2,F,HFHS,Vehicle,PND63,19.3,17.6
HFHS_CT_C2_L121_P219_M,121,219,2,M,HFHS,Vehicle,PND63,22,20.5
HFHS_CT_C2_L121_P221_M,121,221,2,M,HFHS,Vehicle,PND63,25.1,23.6
HFHS_CT_C3_L125.1_P302_F,125.1,302,3,F,HFHS,Vehicle,PND63,19.4,17.9
HFHS_CT_C3_L125.2_P303_F,125.2,303,3,F,HFHS,Vehicle,PND63,18.4,17
HFHS_CT_C3_L125.2_P304_F,125.2,304,3,F,HFHS,Vehicle,PND63,19.8,18.5
HFHS_CT_C3_L125.1_P305_F,125.1,305,3,F,HFHS,Vehicle,PND63,18.3,17
HFHS_CT_C3_L125.2_P306_F,125.2,306,3,F,HFHS,Vehicle,PND63,17.7,16.4
HFHS_CT_C3_L125_P308_M,125,308,3,M,HFHS,Vehicle,PND63,24.7,23.3
HFHS_CT_C3_L125_P310_M,125,310,3,M,HFHS,Vehicle,PND63,24.6,23.3
HFHS_CT_C4_L126_P419_F,126,419,4,F,HFHS,Vehicle,PND63,17.3,16
HFHS_CT_C4_L126_P420_F,126,420,4,F,HFHS,Vehicle,PND63,18.4,17.2
HFHS_CT_C4_L126_P421_F,126,421,4,F,HFHS,Vehicle,PND63,17.9,16.6
HFHS_CT_C4_L126_P422_M,126,422,4,M,HFHS,Vehicle,PND63,21.2,19.8
HFHS_CT_C4_L126_P423_M,126,423,4,M,HFHS,Vehicle,PND63,20,18.7
HFHS_FOS+GOS_C1_L106_P122_F,106,122,1,F,HFHS,FOS+GOS,PND63,17.9,16.4
HFHS_FOS+GOS_C1_L106_P124_F,106,124,1,F,HFHS,FOS+GOS,PND63,21.4,19.9
HFHS_FOS+GOS_C1_L106_P125_M,106,125,1,M,HFHS,FOS+GOS,PND63,28.9,27.3
HFHS_FOS+GOS_C1_L106_P126_M,106,126,1,M,HFHS,FOS+GOS,PND63,27.6,26.2
HFHS_FOS+GOS_C2_L124_P223_F,124,223,2,F,HFHS,FOS+GOS,PND63,18.9,17.6
HFHS_FOS+GOS_C2_L124_P224_F,124,224,2,F,HFHS,FOS+GOS,PND63,18.6,17.3
HFHS_FOS+GOS_C2_L124_P225_F,124,225,2,F,HFHS,FOS+GOS,PND63,18.9,17.5
HFHS_FOS+GOS_C2_L124_P226_M,124,226,2,M,HFHS,FOS+GOS,PND63,20,18.6
HFHS_FOS+GOS_C2_L124_P227_M,124,227,2,M,HFHS,FOS+GOS,PND63,25.5,24.3
HFHS_FOS+GOS_C2_L124_P228_M,124,228,2,M,HFHS,FOS+GOS,PND63,23.7,22.4
HFHS_FOS+GOS_C2_L119_P231_F,119,231,2,F,HFHS,FOS+GOS,PND63,18.5,17.1
HFHS_FOS+GOS_C2_L119_P232_F,119,232,2,F,HFHS,FOS+GOS,PND63,16.6,15.2
HFHS_FOS+GOS_C2_L119_P233_F,119,233,2,F,HFHS,FOS+GOS,PND63,17.5,15.8
HFHS_FOS+GOS_C2_L119_P234_M,119,234,2,M,HFHS,FOS+GOS,PND63,25.1,23.6
HFHS_FOS+GOS_C2_L119_P235_M,119,235,2,M,HFHS,FOS+GOS,PND63,24.6,23.3
HFHS_FOS+GOS_C2_L128_P236_F,128,236,2,F,HFHS,FOS+GOS,PND63,19.6,18.4
HFHS_FOS+GOS_C2_L128_P237_F,128,237,2,F,HFHS,FOS+GOS,PND63,19.1,17.6
HFHS_FOS+GOS_C2_L128_P238_F,128,238,2,F,HFHS,FOS+GOS,PND63,19.1,17.9
HFHS_FOS+GOS_C2_L128_P239_M,128,239,2,M,HFHS,FOS+GOS,PND63,24,22.8
HFHS_FOS+GOS_C2_L128_P239_M,128,241,2,M,HFHS,FOS+GOS,PND63,23.5,22.1
HFHS_FOS+GOS_C2_L128_P239_M,128,243,2,M,HFHS,FOS+GOS,PND63,23.7,22.4
HFHS_FOS+GOS_C3_L114_P311_F,114,311,3,F,HFHS,FOS+GOS,PND63,22.2,20.8
HFHS_FOS+GOS_C3_L114_P312_M,114,312,3,M,HFHS,FOS+GOS,PND63,26.7,25.1
HFHS_FOS+GOS_C3_L114_P314_M,114,314,3,M,HFHS,FOS+GOS,PND63,27.3,25.8
HFHS_FOS+GOS_C3_L114_P315_M,114,315,3,M,HFHS,FOS+GOS,PND63,27.5,25.9
HFHS_1472_C1_L115_P128_F,115,128,1,F,HFHS,1472,PND63,15,13.6
HFHS_1472_C1_L115_P130_F,115,130,1,F,HFHS,1472,PND63,18.4,17.2
HFHS_1472_C1_L115_P131_F,115,131,1,F,HFHS,1472,PND63,14.7,13.5
HFHS_1472_C1_L115_P132_M,115,132,1,M,HFHS,1472,PND63,20.5,19.3
HFHS_1472_C1_L115_P133_M,115,133,1,M,HFHS,1472,PND63,20,18.6
HFHS_1472_C1_L111_P134_F,111,134,1,F,HFHS,1472,PND63,16.8,15.4
HFHS_1472_C1_L111_P135_F,111,135,1,F,HFHS,1472,PND63,18.3,17.2
HFHS_1472_C1_L111_P136_M,111,136,1,M,HFHS,1472,PND63,24.3,23.2
HFHS_1472_C1_L111_P137_M,111,137,1,M,HFHS,1472,PND63,23,21.6
HFHS_1472_C2_L120_P245_F,120,245,2,F,HFHS,1472,PND63,16.6,15.4
HFHS_1472_C2_L120_P246_F,120,246,2,F,HFHS,1472,PND63,17.1,15.7
HFHS_1472_C2_L127_P247_F,127,247,2,F,HFHS,1472,PND63,19.1,17.6
HFHS_1472_C2_L127_P248_F,127,248,2,F,HFHS,1472,PND63,17.8,16.7
HFHS_1472_C2_L127_P250_M,127,250,2,M,HFHS,1472,PND63,24.9,23.6
HFHS_1472_C2_L127_P251_M,127,251,2,M,HFHS,1472,PND63,25.6,24.2
HFHS_1472_C2_L127_P252_M,127,252,2,M,HFHS,1472,PND63,26.3,25
HFHS_1472_C4_L116_P435_F,116,435,4,F,HFHS,1472,PND63,19,17.6
HFHS_1472_C4_L116_P436_F,116,436,4,F,HFHS,1472,PND63,18.9,17.4
HFHS_1472_C4_L116_P438_M,116,438,4,M,HFHS,1472,PND63,24.4,22.9
HFHS_1472_C4_L116_P439_M,116,439,4,M,HFHS,1472,PND63,24.8,23.4
HFHS_1472_C5_L130_P501_F,130,501,5,F,HFHS,1472,PND63,18.4,17
HFHS_1472_C5_L130_P503_F,130,503,5,F,HFHS,1472,PND63,16.8,15.3
HFHS_1472_C5_L130_P506_M,130,506,5,M,HFHS,1472,PND63,23.4,21.8
HFHS_1472_C5_L130_P507_M,130,507,5,M,HFHS,1472,PND63,24.6,23.1
HFHS_1472_C5_L130_P508_M,130,508,5,M,HFHS,1472,PND63,23.4,22
CT_CT_C1_L105_P101_F,105,101,1,F,Control,Vehicle,PND70,21.1,19.7
CT_CT_C1_L105_P102_F,105,102,1,F,Control,Vehicle,PND70,17.3,16.3
CT_CT_C1_L105_P103_M,105,103,1,M,Control,Vehicle,PND70,22.5,21.3
CT_CT_C1_L105_P104_M,105,104,1,M,Control,Vehicle,PND70,23.9,22.5
CT_CT_C1_L105_P105_M,105,105,1,M,Control,Vehicle,PND70,23.6,22.3
CT_CT_C1_L105_P106_M,105,106,1,M,Control,Vehicle,PND70,25,23.8
CT_CT_C1_L104_P113_F,104,113,1,F,Control,Vehicle,PND70,18.7,17.6
CT_CT_C1_L104_P115_F,104,115,1,F,Control,Vehicle,PND70,15.7,14.5
CT_CT_C1_L104_P116_M,104,116,1,M,Control,Vehicle,PND70,21,19.8
CT_CT_C1_L104_P117_M,104,117,1,M,Control,Vehicle,PND70,25.8,24.4
CT_CT_C2_L117_P201_F,117,201,2,F,Control,Vehicle,PND70,17,15.8
CT_CT_C2_L117_P202_F,117,202,2,F,Control,Vehicle,PND70,17,15.6
CT_CT_C2_L117_P204_M,117,204,2,M,Control,Vehicle,PND70,24,22.4
CT_CT_C2_L122_P207_F,122,207,2,F,Control,Vehicle,PND70,20.3,18.9
CT_CT_C2_L122_P208_F,122,208,2,F,Control,Vehicle,PND70,20,18.5
CT_CT_C2_L117_P209_M,117,209,2,M,Control,Vehicle,PND70,27,25.6
CT_CT_C4_L129_P401_F,129,401,4,F,Control,Vehicle,PND70,19,17.6
CT_CT_C4_L129_P402_F,129,402,4,F,Control,Vehicle,PND70,19.5,18.1
CT_CT_C4_L129_P405_M,129,405,4,M,Control,Vehicle,PND70,24.3,22.9
CT_CT_C4_L129_P407_M,129,407,4,M,Control,Vehicle,PND70,24.8,23.4
CT_CT_C4_L113_P408_F,113,408,4,F,Control,Vehicle,PND70,17.8,16.4
CT_CT_C4_L113_P409_F,113,409,4,F,Control,Vehicle,PND70,17.8,16.4
CT_CT_C4_L113_P412_M,113,412,4,M,Control,Vehicle,PND70,24.9,23.5
CT_CT_C4_L113_P413_M,113,413,4,M,Control,Vehicle,PND70,25.3,23.9
HFHS_CT_C1_L110_P109_M,110,109,1,M,HFHS,Vehicle,PND70,27,25.7
HFHS_CT_C1_L110_P110_M,110,110,1,M,HFHS,Vehicle,PND70,25.6,24.1
HFHS_CT_C1_L107_P119_M,107,119,1,M,HFHS,Vehicle,PND70,23,21.7
HFHS_CT_C1_L107_P121_M,107,121,1,M,HFHS,Vehicle,PND70,24.3,23.1
HFHS_CT_C2_L123_P211_F,123,211,2,F,HFHS,Vehicle,PND70,17.6,16.3
HFHS_CT_C2_L123_P212_F,123,212,2,F,HFHS,Vehicle,PND70,17.4,16.1
HFHS_CT_C2_L123_P213_F,123,213,2,F,HFHS,Vehicle,PND70,18.6,17.2
HFHS_CT_C2_L123_P216_M,123,216,2,M,HFHS,Vehicle,PND70,27.1,25.7
HFHS_CT_C2_L123_P217_M,123,217,2,M,HFHS,Vehicle,PND70,24.8,23.5
HFHS_CT_C2_L123_P218_F,123,218,2,F,HFHS,Vehicle,PND70,20,18.3
HFHS_CT_C2_L121_P219_M,121,219,2,M,HFHS,Vehicle,PND70,23.4,21.9
HFHS_CT_C2_L121_P221_M,121,221,2,M,HFHS,Vehicle,PND70,26.3,24.8
HFHS_CT_C3_L125.1_P302_F,125.1,302,3,F,HFHS,Vehicle,PND70,20.5,19
HFHS_CT_C3_L125.2_P303_F,125.2,303,3,F,HFHS,Vehicle,PND70,19.1,17.7
HFHS_CT_C3_L125.2_P304_F,125.2,304,3,F,HFHS,Vehicle,PND70,19.8,18.5
HFHS_CT_C3_L125.1_P305_F,125.1,305,3,F,HFHS,Vehicle,PND70,19.7,18.4
HFHS_CT_C3_L125.2_P306_F,125.2,306,3,F,HFHS,Vehicle,PND70,18.8,17.5
HFHS_CT_C3_L125_P308_M,125,308,3,M,HFHS,Vehicle,PND70,26.2,24.8
HFHS_CT_C3_L125_P310_M,125,310,3,M,HFHS,Vehicle,PND70,25.7,24.4
HFHS_CT_C4_L126_P419_F,126,419,4,F,HFHS,Vehicle,PND70,18.4,17.1
HFHS_CT_C4_L126_P420_F,126,420,4,F,HFHS,Vehicle,PND70,18.9,17.7
HFHS_CT_C4_L126_P421_F,126,421,4,F,HFHS,Vehicle,PND70,17.8,16.5
HFHS_CT_C4_L126_P422_M,126,422,4,M,HFHS,Vehicle,PND70,21.9,20.5
HFHS_CT_C4_L126_P423_M,126,423,4,M,HFHS,Vehicle,PND70,21.1,19.8
HFHS_FOS+GOS_C1_L106_P122_F,106,122,1,F,HFHS,FOS+GOS,PND70,19.6,18.1
HFHS_FOS+GOS_C1_L106_P124_F,106,124,1,F,HFHS,FOS+GOS,PND70,22.5,21
HFHS_FOS+GOS_C1_L106_P125_M,106,125,1,M,HFHS,FOS+GOS,PND70,29,27.4
HFHS_FOS+GOS_C1_L106_P126_M,106,126,1,M,HFHS,FOS+GOS,PND70,28.3,26.9
HFHS_FOS+GOS_C2_L124_P223_F,124,223,2,F,HFHS,FOS+GOS,PND70,20.6,19.3
HFHS_FOS+GOS_C2_L124_P224_F,124,224,2,F,HFHS,FOS+GOS,PND70,19,17.7
HFHS_FOS+GOS_C2_L124_P225_F,124,225,2,F,HFHS,FOS+GOS,PND70,18.1,16.7
HFHS_FOS+GOS_C2_L124_P226_M,124,226,2,M,HFHS,FOS+GOS,PND70,21.9,20.5
HFHS_FOS+GOS_C2_L124_P227_M,124,227,2,M,HFHS,FOS+GOS,PND70,25.2,24
HFHS_FOS+GOS_C2_L124_P228_M,124,228,2,M,HFHS,FOS+GOS,PND70,24.1,22.8
HFHS_FOS+GOS_C2_L119_P231_F,119,231,2,F,HFHS,FOS+GOS,PND70,18,16.6
HFHS_FOS+GOS_C2_L119_P232_F,119,232,2,F,HFHS,FOS+GOS,PND70,17.5,16.1
HFHS_FOS+GOS_C2_L119_P233_F,119,233,2,F,HFHS,FOS+GOS,PND70,17.6,15.9
HFHS_FOS+GOS_C2_L119_P234_M,119,234,2,M,HFHS,FOS+GOS,PND70,25.4,23.9
HFHS_FOS+GOS_C2_L119_P235_M,119,235,2,M,HFHS,FOS+GOS,PND70,24,22.7
HFHS_FOS+GOS_C2_L128_P236_F,128,236,2,F,HFHS,FOS+GOS,PND70,20,18.8
HFHS_FOS+GOS_C2_L128_P237_F,128,237,2,F,HFHS,FOS+GOS,PND70,19,17.5
HFHS_FOS+GOS_C2_L128_P238_F,128,238,2,F,HFHS,FOS+GOS,PND70,18.2,17
HFHS_FOS+GOS_C2_L128_P239_M,128,239,2,M,HFHS,FOS+GOS,PND70,28.3,27.1
HFHS_FOS+GOS_C2_L128_P239_M,128,241,2,M,HFHS,FOS+GOS,PND70,27.1,25.7
HFHS_FOS+GOS_C2_L128_P239_M,128,243,2,M,HFHS,FOS+GOS,PND70,26.2,24.9
HFHS_FOS+GOS_C3_L114_P311_F,114,311,3,F,HFHS,FOS+GOS,PND70,21.7,20.3
HFHS_FOS+GOS_C3_L114_P312_M,114,312,3,M,HFHS,FOS+GOS,PND70,27.7,26.1
HFHS_FOS+GOS_C3_L114_P314_M,114,314,3,M,HFHS,FOS+GOS,PND70,28.4,26.9
HFHS_FOS+GOS_C3_L114_P315_M,114,315,3,M,HFHS,FOS+GOS,PND70,28.4,26.8
HFHS_1472_C1_L115_P128_F,115,128,1,F,HFHS,1472,PND70,15.7,14.3
HFHS_1472_C1_L115_P130_F,115,130,1,F,HFHS,1472,PND70,18.4,17.2
HFHS_1472_C1_L115_P131_F,115,131,1,F,HFHS,1472,PND70,15.1,13.9
HFHS_1472_C1_L115_P132_M,115,132,1,M,HFHS,1472,PND70,21.8,20.6
HFHS_1472_C1_L115_P133_M,115,133,1,M,HFHS,1472,PND70,21.9,20.5
HFHS_1472_C1_L111_P134_F,111,134,1,F,HFHS,1472,PND70,18.7,17.3
HFHS_1472_C1_L111_P135_F,111,135,1,F,HFHS,1472,PND70,17.2,16.1
HFHS_1472_C1_L111_P136_M,111,136,1,M,HFHS,1472,PND70,24.7,23.6
HFHS_1472_C1_L111_P137_M,111,137,1,M,HFHS,1472,PND70,24.4,23
HFHS_1472_C2_L120_P245_F,120,245,2,F,HFHS,1472,PND70,16.6,15.4
HFHS_1472_C2_L120_P246_F,120,246,2,F,HFHS,1472,PND70,17.7,16.3
HFHS_1472_C2_L127_P247_F,127,247,2,F,HFHS,1472,PND70,21.5,20
HFHS_1472_C2_L127_P248_F,127,248,2,F,HFHS,1472,PND70,18.7,17.6
HFHS_1472_C2_L127_P250_M,127,250,2,M,HFHS,1472,PND70,24.1,22.8
HFHS_1472_C2_L127_P251_M,127,251,2,M,HFHS,1472,PND70,24.8,23.4
HFHS_1472_C2_L127_P252_M,127,252,2,M,HFHS,1472,PND70,26.5,25.2
HFHS_1472_C4_L116_P435_F,116,435,4,F,HFHS,1472,PND70,20.2,18.8
HFHS_1472_C4_L116_P436_F,116,436,4,F,HFHS,1472,PND70,20,18.5
HFHS_1472_C4_L116_P438_M,116,438,4,M,HFHS,1472,PND70,24.7,23.2
HFHS_1472_C4_L116_P439_M,116,439,4,M,HFHS,1472,PND70,24.3,22.9
HFHS_1472_C5_L130_P501_F,130,501,5,F,HFHS,1472,PND70,19.4,18
HFHS_1472_C5_L130_P503_F,130,503,5,F,HFHS,1472,PND70,17.3,15.8
HFHS_1472_C5_L130_P506_M,130,506,5,M,HFHS,1472,PND70,24.5,22.9
HFHS_1472_C5_L130_P507_M,130,507,5,M,HFHS,1472,PND70,25.8,24.3
HFHS_1472_C5_L130_P508_M,130,508,5,M,HFHS,1472,PND70,24.6,23.2
CT_CT_C1_L105_P101_F,105,101,1,F,Control,Vehicle,PND77,20.9,19.5
CT_CT_C1_L105_P102_F,105,102,1,F,Control,Vehicle,PND77,17.2,16.2
CT_CT_C1_L105_P103_M,105,103,1,M,Control,Vehicle,PND77,22.9,21.7
CT_CT_C1_L105_P104_M,105,104,1,M,Control,Vehicle,PND77,23.7,22.3
CT_CT_C1_L105_P105_M,105,105,1,M,Control,Vehicle,PND77,23.7,22.4
CT_CT_C1_L105_P106_M,105,106,1,M,Control,Vehicle,PND77,24.9,23.7
CT_CT_C1_L104_P113_F,104,113,1,F,Control,Vehicle,PND77,20,18.9
CT_CT_C1_L104_P115_F,104,115,1,F,Control,Vehicle,PND77,16.4,15.2
CT_CT_C1_L104_P116_M,104,116,1,M,Control,Vehicle,PND77,21.2,20
CT_CT_C1_L104_P117_M,104,117,1,M,Control,Vehicle,PND77,26.4,25
CT_CT_C2_L117_P201_F,117,201,2,F,Control,Vehicle,PND77,16.9,15.7
CT_CT_C2_L117_P202_F,117,202,2,F,Control,Vehicle,PND77,16.2,14.8
CT_CT_C2_L117_P204_M,117,204,2,M,Control,Vehicle,PND77,25.1,23.5
CT_CT_C2_L122_P207_F,122,207,2,F,Control,Vehicle,PND77,21,19.6
CT_CT_C2_L122_P208_F,122,208,2,F,Control,Vehicle,PND77,19.6,18.1
CT_CT_C2_L117_P209_M,117,209,2,M,Control,Vehicle,PND77,27,25.6
CT_CT_C4_L129_P401_F,129,401,4,F,Control,Vehicle,PND77,18.2,16.8
CT_CT_C4_L129_P402_F,129,402,4,F,Control,Vehicle,PND77,17.9,16.5
CT_CT_C4_L129_P405_M,129,405,4,M,Control,Vehicle,PND77,24.9,23.5
CT_CT_C4_L129_P407_M,129,407,4,M,Control,Vehicle,PND77,24.7,23.3
CT_CT_C4_L113_P408_F,113,408,4,F,Control,Vehicle,PND77,17.6,16.2
CT_CT_C4_L113_P409_F,113,409,4,F,Control,Vehicle,PND77,17.6,16.2
CT_CT_C4_L113_P412_M,113,412,4,M,Control,Vehicle,PND77,25.9,24.5
CT_CT_C4_L113_P413_M,113,413,4,M,Control,Vehicle,PND77,26.4,25
HFHS_CT_C1_L110_P109_M,110,109,1,M,HFHS,Vehicle,PND77,26.1,24.8
HFHS_CT_C1_L110_P110_M,110,110,1,M,HFHS,Vehicle,PND77,26.9,25.4
HFHS_CT_C1_L107_P119_M,107,119,1,M,HFHS,Vehicle,PND77,22.2,20.9
HFHS_CT_C1_L107_P121_M,107,121,1,M,HFHS,Vehicle,PND77,23.5,22.3
HFHS_CT_C2_L123_P211_F,123,211,2,F,HFHS,Vehicle,PND77,18,16.7
HFHS_CT_C2_L123_P212_F,123,212,2,F,HFHS,Vehicle,PND77,18.3,17
HFHS_CT_C2_L123_P213_F,123,213,2,F,HFHS,Vehicle,PND77,17.2,15.8
HFHS_CT_C2_L123_P216_M,123,216,2,M,HFHS,Vehicle,PND77,27.1,25.7
HFHS_CT_C2_L123_P217_M,123,217,2,M,HFHS,Vehicle,PND77,24.3,23
HFHS_CT_C2_L123_P218_F,123,218,2,F,HFHS,Vehicle,PND77,20.7,19
HFHS_CT_C2_L121_P219_M,121,219,2,M,HFHS,Vehicle,PND77,25,23.5
HFHS_CT_C2_L121_P221_M,121,221,2,M,HFHS,Vehicle,PND77,27.7,26.2
HFHS_CT_C3_L125.1_P302_F,125.1,302,3,F,HFHS,Vehicle,PND77,20.5,19
HFHS_CT_C3_L125.2_P303_F,125.2,303,3,F,HFHS,Vehicle,PND77,18.6,17.2
HFHS_CT_C3_L125.2_P304_F,125.2,304,3,F,HFHS,Vehicle,PND77,20.4,19.1
HFHS_CT_C3_L125.1_P305_F,125.1,305,3,F,HFHS,Vehicle,PND77,19.4,18.1
HFHS_CT_C3_L125.2_P306_F,125.2,306,3,F,HFHS,Vehicle,PND77,18.4,17.1
HFHS_CT_C3_L125_P308_M,125,308,3,M,HFHS,Vehicle,PND77,25,23.6
HFHS_CT_C3_L125_P310_M,125,310,3,M,HFHS,Vehicle,PND77,25.1,23.8
HFHS_CT_C4_L126_P419_F,126,419,4,F,HFHS,Vehicle,PND77,16.5,15.2
HFHS_CT_C4_L126_P420_F,126,420,4,F,HFHS,Vehicle,PND77,18.4,17.2
HFHS_CT_C4_L126_P421_F,126,421,4,F,HFHS,Vehicle,PND77,16.8,15.5
HFHS_CT_C4_L126_P422_M,126,422,4,M,HFHS,Vehicle,PND77,22.4,21
HFHS_CT_C4_L126_P423_M,126,423,4,M,HFHS,Vehicle,PND77,21.4,20.1
HFHS_FOS+GOS_C1_L106_P122_F,106,122,1,F,HFHS,FOS+GOS,PND77,18.6,17.1
HFHS_FOS+GOS_C1_L106_P124_F,106,124,1,F,HFHS,FOS+GOS,PND77,21.6,20.1
HFHS_FOS+GOS_C1_L106_P125_M,106,125,1,M,HFHS,FOS+GOS,PND77,28,26.4
HFHS_FOS+GOS_C1_L106_P126_M,106,126,1,M,HFHS,FOS+GOS,PND77,27.3,25.9
HFHS_FOS+GOS_C2_L124_P223_F,124,223,2,F,HFHS,FOS+GOS,PND77,21.4,20.1
HFHS_FOS+GOS_C2_L124_P224_F,124,224,2,F,HFHS,FOS+GOS,PND77,19.6,18.3
HFHS_FOS+GOS_C2_L124_P225_F,124,225,2,F,HFHS,FOS+GOS,PND77,19.3,17.9
HFHS_FOS+GOS_C2_L124_P226_M,124,226,2,M,HFHS,FOS+GOS,PND77,23.4,
HFHS_FOS+GOS_C2_L124_P227_M,124,227,2,M,HFHS,FOS+GOS,PND77,26,24.8
HFHS_FOS+GOS_C2_L124_P228_M,124,228,2,M,HFHS,FOS+GOS,PND77,26,24.7
HFHS_FOS+GOS_C2_L119_P231_F,119,231,2,F,HFHS,FOS+GOS,PND77,19.5,18.1
HFHS_FOS+GOS_C2_L119_P232_F,119,232,2,F,HFHS,FOS+GOS,PND77,18.1,16.7
HFHS_FOS+GOS_C2_L119_P233_F,119,233,2,F,HFHS,FOS+GOS,PND77,18.1,16.4
HFHS_FOS+GOS_C2_L119_P234_M,119,234,2,M,HFHS,FOS+GOS,PND77,27.5,26
HFHS_FOS+GOS_C2_L119_P235_M,119,235,2,M,HFHS,FOS+GOS,PND77,26.7,25.4
HFHS_FOS+GOS_C2_L128_P236_F,128,236,2,F,HFHS,FOS+GOS,PND77,21.4,20.2
HFHS_FOS+GOS_C2_L128_P237_F,128,237,2,F,HFHS,FOS+GOS,PND77,21.3,19.8
HFHS_FOS+GOS_C2_L128_P238_F,128,238,2,F,HFHS,FOS+GOS,PND77,19.7,18.5
HFHS_FOS+GOS_C2_L128_P239_M,128,239,2,M,HFHS,FOS+GOS,PND77,29.5,28.3
HFHS_FOS+GOS_C2_L128_P239_M,128,241,2,M,HFHS,FOS+GOS,PND77,27.8,26.4
HFHS_FOS+GOS_C2_L128_P239_M,128,243,2,M,HFHS,FOS+GOS,PND77,27.3,26
HFHS_FOS+GOS_C3_L114_P311_F,114,311,3,F,HFHS,FOS+GOS,PND77,20.8,19.4
HFHS_FOS+GOS_C3_L114_P312_M,114,312,3,M,HFHS,FOS+GOS,PND77,26.9,25.3
HFHS_FOS+GOS_C3_L114_P314_M,114,314,3,M,HFHS,FOS+GOS,PND77,27.2,25.7
HFHS_FOS+GOS_C3_L114_P315_M,114,315,3,M,HFHS,FOS+GOS,PND77,28.3,26.7
HFHS_1472_C1_L115_P128_F,115,128,1,F,HFHS,1472,PND77,17.4,16
HFHS_1472_C1_L115_P130_F,115,130,1,F,HFHS,1472,PND77,19.5,18.3
HFHS_1472_C1_L115_P131_F,115,131,1,F,HFHS,1472,PND77,15.9,14.7
HFHS_1472_C1_L115_P132_M,115,132,1,M,HFHS,1472,PND77,21.6,20.4
HFHS_1472_C1_L115_P133_M,115,133,1,M,HFHS,1472,PND77,21.3,19.9
HFHS_1472_C1_L111_P134_F,111,134,1,F,HFHS,1472,PND77,19.4,18
HFHS_1472_C1_L111_P135_F,111,135,1,F,HFHS,1472,PND77,18,16.9
HFHS_1472_C1_L111_P136_M,111,136,1,M,HFHS,1472,PND77,26.4,25.3
HFHS_1472_C1_L111_P137_M,111,137,1,M,HFHS,1472,PND77,25.2,23.8
HFHS_1472_C2_L120_P245_F,120,245,2,F,HFHS,1472,PND77,17.1,15.9
HFHS_1472_C2_L120_P246_F,120,246,2,F,HFHS,1472,PND77,18,16.6
HFHS_1472_C2_L127_P247_F,127,247,2,F,HFHS,1472,PND77,20.8,19.3
HFHS_1472_C2_L127_P248_F,127,248,2,F,HFHS,1472,PND77,18.4,17.3
HFHS_1472_C2_L127_P250_M,127,250,2,M,HFHS,1472,PND77,25.6,24.3
HFHS_1472_C2_L127_P251_M,127,251,2,M,HFHS,1472,PND77,26.8,25.4
HFHS_1472_C2_L127_P252_M,127,252,2,M,HFHS,1472,PND77,28.4,27.1
HFHS_1472_C4_L116_P435_F,116,435,4,F,HFHS,1472,PND77,18.9,17.5
HFHS_1472_C4_L116_P436_F,116,436,4,F,HFHS,1472,PND77,18.9,17.4
HFHS_1472_C4_L116_P438_M,116,438,4,M,HFHS,1472,PND77,24.9,23.4
HFHS_1472_C4_L116_P439_M,116,439,4,M,HFHS,1472,PND77,25.1,23.7
HFHS_1472_C5_L130_P501_F,130,501,5,F,HFHS,1472,PND77,20.9,19.5
HFHS_1472_C5_L130_P503_F,130,503,5,F,HFHS,1472,PND77,18.5,17
HFHS_1472_C5_L130_P506_M,130,506,5,M,HFHS,1472,PND77,25.9,24.3
HFHS_1472_C5_L130_P507_M,130,507,5,M,HFHS,1472,PND77,26.8,25.3
HFHS_1472_C5_L130_P508_M,130,508,5,M,HFHS,1472,PND77,25.3,23.9
CT_CT_C1_L105_P101_F,105,101,1,F,Control,Vehicle,PND84,22.1,20.7
CT_CT_C1_L105_P102_F,105,102,1,F,Control,Vehicle,PND84,19.3,18.3
CT_CT_C1_L105_P103_M,105,103,1,M,Control,Vehicle,PND84,24,22.8
CT_CT_C1_L105_P104_M,105,104,1,M,Control,Vehicle,PND84,26.1,24.7
CT_CT_C1_L105_P105_M,105,105,1,M,Control,Vehicle,PND84,26.1,24.8
CT_CT_C1_L105_P106_M,105,106,1,M,Control,Vehicle,PND84,27.3,26.1
CT_CT_C1_L104_P113_F,104,113,1,F,Control,Vehicle,PND84,19.7,18.6
CT_CT_C1_L104_P115_F,104,115,1,F,Control,Vehicle,PND84,17.1,15.9
CT_CT_C1_L104_P116_M,104,116,1,M,Control,Vehicle,PND84,23,21.8
CT_CT_C1_L104_P117_M,104,117,1,M,Control,Vehicle,PND84,27.1,25.7
CT_CT_C2_L117_P201_F,117,201,2,F,Control,Vehicle,PND84,18.8,17.6
CT_CT_C2_L117_P202_F,117,202,2,F,Control,Vehicle,PND84,17.8,16.4
CT_CT_C2_L117_P204_M,117,204,2,M,Control,Vehicle,PND84,25.3,23.7
CT_CT_C2_L122_P207_F,122,207,2,F,Control,Vehicle,PND84,22.1,20.7
CT_CT_C2_L122_P208_F,122,208,2,F,Control,Vehicle,PND84,20.6,19.1
CT_CT_C2_L117_P209_M,117,209,2,M,Control,Vehicle,PND84,27.7,26.3
CT_CT_C4_L129_P401_F,129,401,4,F,Control,Vehicle,PND84,20,18.6
CT_CT_C4_L129_P402_F,129,402,4,F,Control,Vehicle,PND84,19.5,18.1
CT_CT_C4_L129_P405_M,129,405,4,M,Control,Vehicle,PND84,25.5,24.1
CT_CT_C4_L129_P407_M,129,407,4,M,Control,Vehicle,PND84,26.5,25.1
CT_CT_C4_L113_P408_F,113,408,4,F,Control,Vehicle,PND84,18.2,16.8
CT_CT_C4_L113_P409_F,113,409,4,F,Control,Vehicle,PND84,18.3,16.9
CT_CT_C4_L113_P412_M,113,412,4,M,Control,Vehicle,PND84,26,24.6
CT_CT_C4_L113_P413_M,113,413,4,M,Control,Vehicle,PND84,27.2,25.8
HFHS_CT_C1_L110_P109_M,110,109,1,M,HFHS,Vehicle,PND84,26.4,25.1
HFHS_CT_C1_L110_P110_M,110,110,1,M,HFHS,Vehicle,PND84,28.3,26.8
HFHS_CT_C1_L107_P119_M,107,119,1,M,HFHS,Vehicle,PND84,22.9,21.6
HFHS_CT_C1_L107_P121_M,107,121,1,M,HFHS,Vehicle,PND84,24.2,23
HFHS_CT_C2_L123_P211_F,123,211,2,F,HFHS,Vehicle,PND84,19,17.7
HFHS_CT_C2_L123_P212_F,123,212,2,F,HFHS,Vehicle,PND84,19.8,18.5
HFHS_CT_C2_L123_P213_F,123,213,2,F,HFHS,Vehicle,PND84,18.8,17.4
HFHS_CT_C2_L123_P216_M,123,216,2,M,HFHS,Vehicle,PND84,27.9,26.5
HFHS_CT_C2_L123_P217_M,123,217,2,M,HFHS,Vehicle,PND84,25,23.7
HFHS_CT_C2_L123_P218_F,123,218,2,F,HFHS,Vehicle,PND84,21.4,19.7
HFHS_CT_C2_L121_P219_M,121,219,2,M,HFHS,Vehicle,PND84,25.1,23.6
HFHS_CT_C2_L121_P221_M,121,221,2,M,HFHS,Vehicle,PND84,27.5,26
HFHS_CT_C3_L125.1_P302_F,125.1,302,3,F,HFHS,Vehicle,PND84,21.6,20.1
HFHS_CT_C3_L125.2_P303_F,125.2,303,3,F,HFHS,Vehicle,PND84,19.5,18.1
HFHS_CT_C3_L125.2_P304_F,125.2,304,3,F,HFHS,Vehicle,PND84,21.7,20.4
HFHS_CT_C3_L125.1_P305_F,125.1,305,3,F,HFHS,Vehicle,PND84,19.3,18
HFHS_CT_C3_L125.2_P306_F,125.2,306,3,F,HFHS,Vehicle,PND84,19.4,18.1
HFHS_CT_C3_L125_P308_M,125,308,3,M,HFHS,Vehicle,PND84,26.2,24.8
HFHS_CT_C3_L125_P310_M,125,310,3,M,HFHS,Vehicle,PND84,26.2,24.9
HFHS_CT_C4_L126_P419_F,126,419,4,F,HFHS,Vehicle,PND84,18.8,17.5
HFHS_CT_C4_L126_P420_F,126,420,4,F,HFHS,Vehicle,PND84,18.7,17.5
HFHS_CT_C4_L126_P421_F,126,421,4,F,HFHS,Vehicle,PND84,18.3,17
HFHS_CT_C4_L126_P422_M,126,422,4,M,HFHS,Vehicle,PND84,22.6,21.2
HFHS_CT_C4_L126_P423_M,126,423,4,M,HFHS,Vehicle,PND84,22.2,20.9
HFHS_FOS+GOS_C1_L106_P122_F,106,122,1,F,HFHS,FOS+GOS,PND84,20.2,18.7
HFHS_FOS+GOS_C1_L106_P124_F,106,124,1,F,HFHS,FOS+GOS,PND84,21.6,20.1
HFHS_FOS+GOS_C1_L106_P125_M,106,125,1,M,HFHS,FOS+GOS,PND84,29.5,27.9
HFHS_FOS+GOS_C1_L106_P126_M,106,126,1,M,HFHS,FOS+GOS,PND84,28.6,27.2
HFHS_FOS+GOS_C2_L124_P223_F,124,223,2,F,HFHS,FOS+GOS,PND84,22.9,21.6
HFHS_FOS+GOS_C2_L124_P224_F,124,224,2,F,HFHS,FOS+GOS,PND84,21.2,19.9
HFHS_FOS+GOS_C2_L124_P225_F,124,225,2,F,HFHS,FOS+GOS,PND84,20.7,19.3
HFHS_FOS+GOS_C2_L124_P226_M,124,226,2,M,HFHS,FOS+GOS,PND84,24.7,23.3
HFHS_FOS+GOS_C2_L124_P227_M,124,227,2,M,HFHS,FOS+GOS,PND84,27.7,26.5
HFHS_FOS+GOS_C2_L124_P228_M,124,228,2,M,HFHS,FOS+GOS,PND84,26.9,25.6
HFHS_FOS+GOS_C2_L119_P231_F,119,231,2,F,HFHS,FOS+GOS,PND84,21.4,20
HFHS_FOS+GOS_C2_L119_P232_F,119,232,2,F,HFHS,FOS+GOS,PND84,19,17.6
HFHS_FOS+GOS_C2_L119_P233_F,119,233,2,F,HFHS,FOS+GOS,PND84,19.8,18.1
HFHS_FOS+GOS_C2_L119_P234_M,119,234,2,M,HFHS,FOS+GOS,PND84,26.5,25
HFHS_FOS+GOS_C2_L119_P235_M,119,235,2,M,HFHS,FOS+GOS,PND84,27.1,25.8
HFHS_FOS+GOS_C2_L128_P236_F,128,236,2,F,HFHS,FOS+GOS,PND84,22,20.8
HFHS_FOS+GOS_C2_L128_P237_F,128,237,2,F,HFHS,FOS+GOS,PND84,21.4,19.9
HFHS_FOS+GOS_C2_L128_P238_F,128,238,2,F,HFHS,FOS+GOS,PND84,20.7,19.5
HFHS_FOS+GOS_C2_L128_P239_M,128,239,2,M,HFHS,FOS+GOS,PND84,29.2,28
HFHS_FOS+GOS_C2_L128_P239_M,128,241,2,M,HFHS,FOS+GOS,PND84,27.5,26.1
HFHS_FOS+GOS_C2_L128_P239_M,128,243,2,M,HFHS,FOS+GOS,PND84,28.4,27.1
HFHS_FOS+GOS_C3_L114_P311_F,114,311,3,F,HFHS,FOS+GOS,PND84,21.1,19.7
HFHS_FOS+GOS_C3_L114_P312_M,114,312,3,M,HFHS,FOS+GOS,PND84,27.1,25.5
HFHS_FOS+GOS_C3_L114_P314_M,114,314,3,M,HFHS,FOS+GOS,PND84,28,26.5
HFHS_FOS+GOS_C3_L114_P315_M,114,315,3,M,HFHS,FOS+GOS,PND84,28.9,27.3
HFHS_1472_C1_L115_P128_F,115,128,1,F,HFHS,1472,PND84,18.2,16.8
HFHS_1472_C1_L115_P130_F,115,130,1,F,HFHS,1472,PND84,20.4,19.2
HFHS_1472_C1_L115_P131_F,115,131,1,F,HFHS,1472,PND84,18.2,17
HFHS_1472_C1_L115_P132_M,115,132,1,M,HFHS,1472,PND84,22.4,21.2
HFHS_1472_C1_L115_P133_M,115,133,1,M,HFHS,1472,PND84,22.4,21
HFHS_1472_C1_L111_P134_F,111,134,1,F,HFHS,1472,PND84,21.3,19.9
HFHS_1472_C1_L111_P135_F,111,135,1,F,HFHS,1472,PND84,19.3,18.2
HFHS_1472_C1_L111_P136_M,111,136,1,M,HFHS,1472,PND84,26.4,25.3
HFHS_1472_C1_L111_P137_M,111,137,1,M,HFHS,1472,PND84,25.5,24.1
HFHS_1472_C2_L120_P245_F,120,245,2,F,HFHS,1472,PND84,18,16.8
HFHS_1472_C2_L120_P246_F,120,246,2,F,HFHS,1472,PND84,19.2,17.8
HFHS_1472_C2_L127_P247_F,127,247,2,F,HFHS,1472,PND84,21.8,20.3
HFHS_1472_C2_L127_P248_F,127,248,2,F,HFHS,1472,PND84,18.7,17.6
HFHS_1472_C2_L127_P250_M,127,250,2,M,HFHS,1472,PND84,25.2,23.9
HFHS_1472_C2_L127_P251_M,127,251,2,M,HFHS,1472,PND84,26.7,25.3
HFHS_1472_C2_L127_P252_M,127,252,2,M,HFHS,1472,PND84,28.6,27.3
HFHS_1472_C4_L116_P435_F,116,435,4,F,HFHS,1472,PND84,20,18.6
HFHS_1472_C4_L116_P436_F,116,436,4,F,HFHS,1472,PND84,20,18.5
HFHS_1472_C4_L116_P438_M,116,438,4,M,HFHS,1472,PND84,25.3,23.8
HFHS_1472_C4_L116_P439_M,116,439,4,M,HFHS,1472,PND84,25.4,24
HFHS_1472_C5_L130_P501_F,130,501,5,F,HFHS,1472,PND84,19.3,17.9
HFHS_1472_C5_L130_P503_F,130,503,5,F,HFHS,1472,PND84,18.5,17
HFHS_1472_C5_L130_P506_M,130,506,5,M,HFHS,1472,PND84,24.6,23
HFHS_1472_C5_L130_P507_M,130,507,5,M,HFHS,1472,PND84,26.2,24.7
HFHS_1472_C5_L130_P508_M,130,508,5,M,HFHS,1472,PND84,24.8,23.4

