"Genus",".y..x","group1","group2","p","p.adj","p.format","p.signif","method",".y..y","effsize","n1","n2","magnitude"
"A2","Abundance","Control Vehicle","HFHS Vehicle",0.701478108866614,1,"0.7015","ns","Wilcoxon","Abundance",0.119522860933439,7,7,"small"
"A2","Abundance","Control Vehicle","HFHS FOS+GOS",0.159404993147933,1,"0.1594","ns","Wilcoxon","Abundance",0.39315024251409,7,7,"moderate"
"A2","Abundance","Control Vehicle","HFHS B. longum APC1472",0.306152950689989,1,"0.3062","ns","Wilcoxon","Abundance",0.290589309684327,7,7,"small"
"A2","Abundance","HFHS Vehicle","HFHS FOS+GOS",0.304549716687414,1,"0.3045","ns","Wilcoxon","Abundance",0.291554191065552,7,7,"small"
"A2","Abundance","HFHS Vehicle","HFHS B. longum APC1472",0.797424741657841,1,"0.7974","ns","Wilcoxon","Abundance",0.0857512326663387,7,7,"small"
"A2","Abundance","HFHS FOS+GOS","HFHS B. longum APC1472",0.698305375557784,1,"0.6983","ns","Wilcoxon","Abundance",0.120858353344044,7,7,"small"
"ASF356","Abundance","Control Vehicle","HFHS Vehicle",0.88747257747139,1,"0.8875","ns","Wilcoxon","Abundance",0.0567274077480403,7,7,"small"
"ASF356","Abundance","Control Vehicle","HFHS FOS+GOS",0.88747257747139,1,"0.8875","ns","Wilcoxon","Abundance",0.0567274077480403,7,7,"small"
"ASF356","Abundance","Control Vehicle","HFHS B. longum APC1472",0.655065275856607,1,"0.6551","ns","Wilcoxon","Abundance",0.139294598153076,7,7,"small"
"ASF356","Abundance","HFHS Vehicle","HFHS FOS+GOS",1,1,"1.0000","ns","Wilcoxon","Abundance",0.0189091359160134,7,7,"small"
"ASF356","Abundance","HFHS Vehicle","HFHS B. longum APC1472",0.655065275856607,1,"0.6551","ns","Wilcoxon","Abundance",0.139294598153076,7,7,"small"
"ASF356","Abundance","HFHS FOS+GOS","HFHS B. longum APC1472",0.655065275856607,1,"0.6551","ns","Wilcoxon","Abundance",0.139294598153076,7,7,"small"
"Acetatifactor","Abundance","Control Vehicle","HFHS Vehicle",0.124785918988563,1,"0.1248","ns","Wilcoxon","Abundance",0.427337220124011,7,7,"moderate"
"Acetatifactor","Abundance","Control Vehicle","HFHS FOS+GOS",0.01135734805108,1,"0.0114","*","Wilcoxon","Abundance",0.696472990765379,7,7,"large"
"Acetatifactor","Abundance","Control Vehicle","HFHS B. longum APC1472",0.158024284729361,1,"0.1580","ns","Wilcoxon","Abundance",0.394455670265158,7,7,"moderate"
"Acetatifactor","Abundance","HFHS Vehicle","HFHS FOS+GOS",0.00105757508393252,0.49,"0.0011","**","Wilcoxon","Abundance",0.893445921158683,7,7,"large"
"Acetatifactor","Abundance","HFHS Vehicle","HFHS B. longum APC1472",0.798297847328526,1,"0.7983","ns","Wilcoxon","Abundance",0.0853734720953138,7,7,"small"
"Acetatifactor","Abundance","HFHS FOS+GOS","HFHS B. longum APC1472",0.00372197306710855,1,"0.0037","**","Wilcoxon","Abundance",0.794183708472564,7,7,"large"
"Acinetobacter","Abundance","Control Vehicle","HFHS B. longum APC1472",0.391365938307552,1,"0.3914","ns","Wilcoxon","Abundance",0.267261241912424,7,7,"small"
"Acinetobacter","Abundance","HFHS Vehicle","HFHS B. longum APC1472",0.391365938307552,1,"0.3914","ns","Wilcoxon","Abundance",0.267261241912424,7,7,"small"
"Acinetobacter","Abundance","HFHS FOS+GOS","HFHS B. longum APC1472",0.391365938307552,1,"0.3914","ns","Wilcoxon","Abundance",0.267261241912424,7,7,"small"
"Akkermansia","Abundance","Control Vehicle","HFHS Vehicle",0.306685065904181,1,"0.3067","ns","Wilcoxon","Abundance",0.290269805124067,7,7,"small"
"Akkermansia","Abundance","Control Vehicle","HFHS FOS+GOS",0.0151936099774602,1,"0.0152","*","Wilcoxon","Abundance",0.665913082343448,7,7,"large"
"Akkermansia","Abundance","Control Vehicle","HFHS B. longum APC1472",0.0966975676176362,1,"0.0967","ns","Wilcoxon","Abundance",0.461016749314695,7,7,"moderate"
"Akkermansia","Abundance","HFHS Vehicle","HFHS FOS+GOS",0.0966975676176362,1,"0.0967","ns","Wilcoxon","Abundance",0.461016749314695,7,7,"moderate"
"Akkermansia","Abundance","HFHS Vehicle","HFHS B. longum APC1472",0.125201029610315,1,"0.1252","ns","Wilcoxon","Abundance",0.426867360476569,7,7,"moderate"
"Akkermansia","Abundance","HFHS FOS+GOS","HFHS B. longum APC1472",0.701478108866614,1,"0.7015","ns","Wilcoxon","Abundance",0.119522860933439,7,7,"small"
"Alistipes","Abundance","Control Vehicle","HFHS Vehicle",0.159864197547973,1,"0.1599","ns","Wilcoxon","Abundance",0.392717971638444,7,7,"moderate"
"Alistipes","Abundance","Control Vehicle","HFHS FOS+GOS",0.00216502933303838,0.98,"0.0022","**","Wilcoxon","Abundance",0.836660026534076,7,7,"large"
"Alistipes","Abundance","Control Vehicle","HFHS B. longum APC1472",0.306685065904181,1,"0.3067","ns","Wilcoxon","Abundance",0.290269805124067,7,7,"small"
"Alistipes","Abundance","HFHS Vehicle","HFHS FOS+GOS",0.00216502933303838,0.98,"0.0022","**","Wilcoxon","Abundance",0.836660026534076,7,7,"large"
"Alistipes","Abundance","HFHS Vehicle","HFHS B. longum APC1472",0.44328852211644,1,"0.4433","ns","Wilcoxon","Abundance",0.221971027447816,7,7,"small"
"Alistipes","Abundance","HFHS FOS+GOS","HFHS B. longum APC1472",0.00216502933303838,0.98,"0.0022","**","Wilcoxon","Abundance",0.836660026534076,7,7,"large"
"Anaeroplasma","Abundance","Control Vehicle","HFHS Vehicle",1,1,"1.0000","ns","Wilcoxon","Abundance",0.0280165907340263,7,7,"small"
"Anaeroplasma","Abundance","Control Vehicle","HFHS FOS+GOS",0.391365938307552,1,"0.3914","ns","Wilcoxon","Abundance",0.267261241912424,7,7,"small"
"Anaeroplasma","Abundance","Control Vehicle","HFHS B. longum APC1472",0.391365938307552,1,"0.3914","ns","Wilcoxon","Abundance",0.267261241912424,7,7,"small"
"Anaeroplasma","Abundance","HFHS Vehicle","HFHS FOS+GOS",0.391365938307552,1,"0.3914","ns","Wilcoxon","Abundance",0.267261241912424,7,7,"small"
"Anaeroplasma","Abundance","HFHS Vehicle","HFHS B. longum APC1472",0.391365938307552,1,"0.3914","ns","Wilcoxon","Abundance",0.267261241912424,7,7,"small"
"Anaerotruncus","Abundance","Control Vehicle","HFHS Vehicle",0.0151936099774602,1,"0.0152","*","Wilcoxon","Abundance",0.665913082343448,7,7,"large"
"Anaerotruncus","Abundance","Control Vehicle","HFHS FOS+GOS",0.116844725631826,1,"0.1168","ns","Wilcoxon","Abundance",0.436570130415285,7,7,"moderate"
"Anaerotruncus","Abundance","Control Vehicle","HFHS B. longum APC1472",0.109831831474472,1,"0.1098","ns","Wilcoxon","Abundance",0.444430708928971,7,7,"moderate"
"Anaerotruncus","Abundance","HFHS Vehicle","HFHS FOS+GOS",0.00447659610415479,1,"0.0045","**","Wilcoxon","Abundance",0.776946557211709,7,7,"large"
"Anaerotruncus","Abundance","HFHS Vehicle","HFHS B. longum APC1472",0.44328852211644,1,"0.4433","ns","Wilcoxon","Abundance",0.221971027447816,7,7,"small"
"Anaerotruncus","Abundance","HFHS FOS+GOS","HFHS B. longum APC1472",0.0186610299622997,1,"0.0187","*","Wilcoxon","Abundance",0.646123793014621,7,7,"large"
"Anaerovorax","Abundance","Control Vehicle","HFHS Vehicle",0.0838259361285674,1,"0.0838","ns","Wilcoxon","Abundance",0.479841446116401,7,7,"moderate"
"Anaerovorax","Abundance","Control Vehicle","HFHS FOS+GOS",0.0754126204649279,1,"0.0754","ns","Wilcoxon","Abundance",0.498935036064582,7,7,"moderate"
"Anaerovorax","Abundance","Control Vehicle","HFHS B. longum APC1472",0.777172212849053,1,"0.7772","ns","Wilcoxon","Abundance",0.0945456795800672,7,7,"small"
"Anaerovorax","Abundance","HFHS Vehicle","HFHS FOS+GOS",0.01135734805108,1,"0.0114","*","Wilcoxon","Abundance",0.696472990765379,7,7,"large"
"Anaerovorax","Abundance","HFHS Vehicle","HFHS B. longum APC1472",0.231331945074352,1,"0.2313","ns","Wilcoxon","Abundance",0.337666202822652,7,7,"moderate"
"Anaerovorax","Abundance","HFHS FOS+GOS","HFHS B. longum APC1472",0.0754126204649279,1,"0.0754","ns","Wilcoxon","Abundance",0.498935036064582,7,7,"moderate"
"Atopostipes","Abundance","Control Vehicle","HFHS Vehicle",0.391365938307552,1,"0.3914","ns","Wilcoxon","Abundance",0.267261241912424,7,7,"small"
"Atopostipes","Abundance","Control Vehicle","HFHS FOS+GOS",0.391365938307552,1,"0.3914","ns","Wilcoxon","Abundance",0.267261241912424,7,7,"small"
"Atopostipes","Abundance","Control Vehicle","HFHS B. longum APC1472",0.391365938307552,1,"0.3914","ns","Wilcoxon","Abundance",0.267261241912424,7,7,"small"
"Bacteroides","Abundance","Control Vehicle","HFHS Vehicle",0.522903234512671,1,"0.5229","ns","Wilcoxon","Abundance",0.18782163860969,7,7,"small"
"Bacteroides","Abundance","Control Vehicle","HFHS FOS+GOS",0.0214507336863221,1,"0.0215","*","Wilcoxon","Abundance",0.631763693505322,7,7,"large"
"Bacteroides","Abundance","Control Vehicle","HFHS B. longum APC1472",0.798297847328526,1,"0.7983","ns","Wilcoxon","Abundance",0.0853734720953138,7,7,"small"
"Bacteroides","Abundance","HFHS Vehicle","HFHS FOS+GOS",0.0736382701203026,1,"0.0736","ns","Wilcoxon","Abundance",0.49516613815282,7,7,"moderate"
"Bacteroides","Abundance","HFHS Vehicle","HFHS B. longum APC1472",0.250153007959382,1,"0.2502","ns","Wilcoxon","Abundance",0.324419193962193,7,7,"moderate"
"Bacteroides","Abundance","HFHS FOS+GOS","HFHS B. longum APC1472",0.0736382701203026,1,"0.0736","ns","Wilcoxon","Abundance",0.49516613815282,7,7,"moderate"
"Bifidobacterium","Abundance","Control Vehicle","HFHS Vehicle",0.00216502933303838,0.98,"0.0022","**","Wilcoxon","Abundance",0.836660026534076,7,7,"large"
"Bifidobacterium","Abundance","Control Vehicle","HFHS FOS+GOS",0.0214507336863221,1,"0.0215","*","Wilcoxon","Abundance",0.631763693505322,7,7,"large"
"Bifidobacterium","Abundance","Control Vehicle","HFHS B. longum APC1472",0.00216502933303838,0.98,"0.0022","**","Wilcoxon","Abundance",0.836660026534076,7,7,"large"
"Bifidobacterium","Abundance","HFHS Vehicle","HFHS FOS+GOS",0.00216502933303838,0.98,"0.0022","**","Wilcoxon","Abundance",0.836660026534076,7,7,"large"
"Bifidobacterium","Abundance","HFHS Vehicle","HFHS B. longum APC1472",0.306685065904181,1,"0.3067","ns","Wilcoxon","Abundance",0.290269805124067,7,7,"small"
"Bifidobacterium","Abundance","HFHS FOS+GOS","HFHS B. longum APC1472",0.00216502933303838,0.98,"0.0022","**","Wilcoxon","Abundance",0.836660026534076,7,7,"large"
"Bilophila","Abundance","Control Vehicle","HFHS Vehicle",0.0214507336863221,1,"0.0215","*","Wilcoxon","Abundance",0.631763693505322,7,7,"large"
"Bilophila","Abundance","Control Vehicle","HFHS FOS+GOS",0.00326029360191014,1,"0.0033","**","Wilcoxon","Abundance",0.803393973833141,7,7,"large"
"Bilophila","Abundance","Control Vehicle","HFHS B. longum APC1472",0.125201029610315,1,"0.1252","ns","Wilcoxon","Abundance",0.426867360476569,7,7,"moderate"
"Bilophila","Abundance","HFHS Vehicle","HFHS FOS+GOS",0.00214070973158512,0.98,"0.0021","**","Wilcoxon","Abundance",0.837580951443062,7,7,"large"
"Bilophila","Abundance","HFHS Vehicle","HFHS B. longum APC1472",0.306685065904181,1,"0.3067","ns","Wilcoxon","Abundance",0.290269805124067,7,7,"small"
"Bilophila","Abundance","HFHS FOS+GOS","HFHS B. longum APC1472",0.00214070973158512,0.98,"0.0021","**","Wilcoxon","Abundance",0.837580951443062,7,7,"large"
"Butyricicoccus","Abundance","Control Vehicle","HFHS Vehicle",0.700221056940895,1,"0.7002","ns","Wilcoxon","Abundance",0.120051725732874,7,7,"small"
"Butyricicoccus","Abundance","Control Vehicle","HFHS FOS+GOS",0.0235711468094676,1,"0.0236","*","Wilcoxon","Abundance",0.624001485228443,7,7,"large"
"Butyricicoccus","Abundance","Control Vehicle","HFHS B. longum APC1472",0.351879772106333,1,"0.3519","ns","Wilcoxon","Abundance",0.266578581175778,7,7,"small"
"Butyricicoccus","Abundance","HFHS Vehicle","HFHS FOS+GOS",0.00635355847521916,1,"0.0064","**","Wilcoxon","Abundance",0.747577199336857,7,7,"large"
"Butyricicoccus","Abundance","HFHS Vehicle","HFHS B. longum APC1472",0.150582687845587,1,"0.1506","ns","Wilcoxon","Abundance",0.401644519982062,7,7,"moderate"
"Butyricicoccus","Abundance","HFHS FOS+GOS","HFHS B. longum APC1472",0.200406593222455,1,"0.2004","ns","Wilcoxon","Abundance",0.363587179195637,7,7,"moderate"
"Caldicoprobacter","Abundance","Control Vehicle","HFHS FOS+GOS",0.391365938307552,1,"0.3914","ns","Wilcoxon","Abundance",0.267261241912424,7,7,"small"
"Caldicoprobacter","Abundance","HFHS Vehicle","HFHS FOS+GOS",0.391365938307552,1,"0.3914","ns","Wilcoxon","Abundance",0.267261241912424,7,7,"small"
"Caldicoprobacter","Abundance","HFHS FOS+GOS","HFHS B. longum APC1472",0.391365938307552,1,"0.3914","ns","Wilcoxon","Abundance",0.267261241912424,7,7,"small"
"Candidatus Arthromitus","Abundance","Control Vehicle","HFHS Vehicle",0.518269594379782,1,"0.5183","ns","Wilcoxon","Abundance",0.18992026954064,7,7,"small"
"Candidatus Arthromitus","Abundance","Control Vehicle","HFHS FOS+GOS",0.00105757508393252,0.49,"0.0011","**","Wilcoxon","Abundance",0.893445921158683,7,7,"large"
"Candidatus Arthromitus","Abundance","Control Vehicle","HFHS B. longum APC1472",0.897879362806083,1,"0.8979","ns","Wilcoxon","Abundance",0.0514507395998032,7,7,"small"
"Candidatus Arthromitus","Abundance","HFHS Vehicle","HFHS FOS+GOS",0.0754126204649279,1,"0.0754","ns","Wilcoxon","Abundance",0.498935036064582,7,7,"moderate"
"Candidatus Arthromitus","Abundance","HFHS Vehicle","HFHS B. longum APC1472",0.784933630126796,1,"0.7849","ns","Wilcoxon","Abundance",0.0911679511386412,7,7,"small"
"Candidatus Arthromitus","Abundance","HFHS FOS+GOS","HFHS B. longum APC1472",0.0307212324156618,1,"0.0307","*","Wilcoxon","Abundance",0.598849471616342,7,7,"large"
"Candidatus Saccharimonas","Abundance","Control Vehicle","HFHS Vehicle",0.0282080609586036,1,"0.0282","*","Wilcoxon","Abundance",0.604244783998431,7,7,"large"
"Candidatus Saccharimonas","Abundance","Control Vehicle","HFHS FOS+GOS",0.0560987502411349,1,"0.0561","ns","Wilcoxon","Abundance",0.528774116604119,7,7,"large"
"Candidatus Saccharimonas","Abundance","Control Vehicle","HFHS B. longum APC1472",0.00372197306710855,1,"0.0037","**","Wilcoxon","Abundance",0.794183708472564,7,7,"large"
"Candidatus Saccharimonas","Abundance","HFHS Vehicle","HFHS FOS+GOS",0.722148138236639,1,"0.7221","ns","Wilcoxon","Abundance",0.118794056205853,7,7,"small"
"Candidatus Saccharimonas","Abundance","HFHS Vehicle","HFHS B. longum APC1472",0.172954917988421,1,"0.1730","ns","Wilcoxon","Abundance",0.392232270276368,7,7,"moderate"
"Candidatus Saccharimonas","Abundance","HFHS FOS+GOS","HFHS B. longum APC1472",0.391365938307552,1,"0.3914","ns","Wilcoxon","Abundance",0.267261241912424,7,7,"small"
"Candidatus Soleaferrea","Abundance","Control Vehicle","HFHS Vehicle",0.01135734805108,1,"0.0114","*","Wilcoxon","Abundance",0.696472990765379,7,7,"large"
"Candidatus Soleaferrea","Abundance","Control Vehicle","HFHS B. longum APC1472",0.0754126204649279,1,"0.0754","ns","Wilcoxon","Abundance",0.498935036064582,7,7,"moderate"
"Candidatus Soleaferrea","Abundance","HFHS Vehicle","HFHS FOS+GOS",0.01135734805108,1,"0.0114","*","Wilcoxon","Abundance",0.696472990765379,7,7,"large"
"Candidatus Soleaferrea","Abundance","HFHS Vehicle","HFHS B. longum APC1472",0.424895691118472,1,"0.4249","ns","Wilcoxon","Abundance",0.231034770352341,7,7,"small"
"Candidatus Soleaferrea","Abundance","HFHS FOS+GOS","HFHS B. longum APC1472",0.0754126204649279,1,"0.0754","ns","Wilcoxon","Abundance",0.498935036064582,7,7,"moderate"
"Christensenella","Abundance","Control Vehicle","HFHS Vehicle",0.739525400424806,1,"0.7395","ns","Wilcoxon","Abundance",0.106631432470311,7,7,"small"
"Christensenella","Abundance","Control Vehicle","HFHS FOS+GOS",0.0307212324156618,1,"0.0307","*","Wilcoxon","Abundance",0.598849471616342,7,7,"large"
"Christensenella","Abundance","Control Vehicle","HFHS B. longum APC1472",0.585209761402954,1,"0.5852","ns","Wilcoxon","Abundance",0.164102312049554,7,7,"small"
"Christensenella","Abundance","HFHS Vehicle","HFHS FOS+GOS",0.0307212324156618,1,"0.0307","*","Wilcoxon","Abundance",0.598849471616342,7,7,"large"
"Christensenella","Abundance","HFHS Vehicle","HFHS B. longum APC1472",0.412965488759836,1,"0.4130","ns","Wilcoxon","Abundance",0.237036672960467,7,7,"small"
"Christensenella","Abundance","HFHS FOS+GOS","HFHS B. longum APC1472",0.0754126204649279,1,"0.0754","ns","Wilcoxon","Abundance",0.498935036064582,7,7,"moderate"
"Christensenellaceae R-7 group","Abundance","Control Vehicle","HFHS Vehicle",0.0307212324156618,1,"0.0307","*","Wilcoxon","Abundance",0.598849471616342,7,7,"large"
"Christensenellaceae R-7 group","Abundance","Control Vehicle","HFHS FOS+GOS",0.0307212324156618,1,"0.0307","*","Wilcoxon","Abundance",0.598849471616342,7,7,"large"
"Christensenellaceae R-7 group","Abundance","Control Vehicle","HFHS B. longum APC1472",0.391365938307552,1,"0.3914","ns","Wilcoxon","Abundance",0.267261241912424,7,7,"small"
"Christensenellaceae R-7 group","Abundance","HFHS Vehicle","HFHS FOS+GOS",0.549528084605915,1,"0.5495","ns","Wilcoxon","Abundance",0.177719054117185,7,7,"small"
"Christensenellaceae R-7 group","Abundance","HFHS Vehicle","HFHS B. longum APC1472",0.101414584530826,1,"0.1014","ns","Wilcoxon","Abundance",0.457682251074392,7,7,"moderate"
"Christensenellaceae R-7 group","Abundance","HFHS FOS+GOS","HFHS B. longum APC1472",0.0739461730845673,1,"0.0739","ns","Wilcoxon","Abundance",0.497480707689556,7,7,"moderate"
"Clostridium sensu stricto 1","Abundance","Control Vehicle","HFHS Vehicle",0.0282080609586036,1,"0.0282","*","Wilcoxon","Abundance",0.604244783998431,7,7,"large"
"Clostridium sensu stricto 1","Abundance","Control Vehicle","HFHS FOS+GOS",0.936217669463881,1,"0.9362","ns","Wilcoxon","Abundance",0.0427749622583102,7,7,"small"
"Clostridium sensu stricto 1","Abundance","Control Vehicle","HFHS B. longum APC1472",0.137336880174764,1,"0.1373","ns","Wilcoxon","Abundance",0.416000990152296,7,7,"moderate"
"Clostridium sensu stricto 1","Abundance","HFHS Vehicle","HFHS FOS+GOS",0.0538060066107224,1,"0.0538","ns","Wilcoxon","Abundance",0.533157162351557,7,7,"large"
"Clostridium sensu stricto 1","Abundance","HFHS Vehicle","HFHS B. longum APC1472",1,1,"1.0000","ns","Wilcoxon","Abundance",0,7,7,"small"
"Clostridium sensu stricto 1","Abundance","HFHS FOS+GOS","HFHS B. longum APC1472",0.178858295713559,1,"0.1789","ns","Wilcoxon","Abundance",0.378182718320269,7,7,"moderate"
"Colidextribacter","Abundance","Control Vehicle","HFHS Vehicle",0.00216502933303838,0.98,"0.0022","**","Wilcoxon","Abundance",0.836660026534076,7,7,"large"
"Colidextribacter","Abundance","Control Vehicle","HFHS FOS+GOS",0.0105179514104295,1,"0.0105","*","Wilcoxon","Abundance",0.700833041003378,7,7,"large"
"Colidextribacter","Abundance","Control Vehicle","HFHS B. longum APC1472",0.00493790547090731,1,"0.0049","**","Wilcoxon","Abundance",0.768361248857824,7,7,"large"
"Colidextribacter","Abundance","HFHS Vehicle","HFHS FOS+GOS",0.00214070973158512,0.98,"0.0021","**","Wilcoxon","Abundance",0.837580951443062,7,7,"large"
"Colidextribacter","Abundance","HFHS Vehicle","HFHS B. longum APC1472",0.798297847328526,1,"0.7983","ns","Wilcoxon","Abundance",0.0853734720953138,7,7,"small"
"Colidextribacter","Abundance","HFHS FOS+GOS","HFHS B. longum APC1472",0.00214070973158512,0.98,"0.0021","**","Wilcoxon","Abundance",0.837580951443062,7,7,"large"
"Coprococcus","Abundance","Control Vehicle","HFHS Vehicle",0.722148138236639,1,"0.7221","ns","Wilcoxon","Abundance",0.118794056205853,7,7,"small"
"Coprococcus","Abundance","Control Vehicle","HFHS FOS+GOS",0.172954917988421,1,"0.1730","ns","Wilcoxon","Abundance",0.392232270276368,7,7,"moderate"
"Coprococcus","Abundance","Control Vehicle","HFHS B. longum APC1472",0.456537184709825,1,"0.4565","ns","Wilcoxon","Abundance",0.218891511383405,7,7,"small"
"Coprococcus","Abundance","HFHS Vehicle","HFHS FOS+GOS",0.391365938307552,1,"0.3914","ns","Wilcoxon","Abundance",0.267261241912424,7,7,"small"
"Coprococcus","Abundance","HFHS Vehicle","HFHS B. longum APC1472",0.42356812798561,1,"0.4236","ns","Wilcoxon","Abundance",0.235262292420706,7,7,"small"
"Coprococcus","Abundance","HFHS FOS+GOS","HFHS B. longum APC1472",0.0754126204649279,1,"0.0754","ns","Wilcoxon","Abundance",0.498935036064582,7,7,"moderate"
"Coriobacteriaceae UCG-002","Abundance","Control Vehicle","HFHS Vehicle",0.513499507859253,1,"0.5135","ns","Wilcoxon","Abundance",0.192090857382725,7,7,"small"
"Coriobacteriaceae UCG-002","Abundance","Control Vehicle","HFHS FOS+GOS",0.159404993147933,1,"0.1594","ns","Wilcoxon","Abundance",0.39315024251409,7,7,"moderate"
"Coriobacteriaceae UCG-002","Abundance","Control Vehicle","HFHS B. longum APC1472",0.513499507859253,1,"0.5135","ns","Wilcoxon","Abundance",0.192090857382725,7,7,"small"
"Coriobacteriaceae UCG-002","Abundance","HFHS Vehicle","HFHS FOS+GOS",0.0542155482977505,1,"0.0542","ns","Wilcoxon","Abundance",0.5316576425313,7,7,"large"
"Coriobacteriaceae UCG-002","Abundance","HFHS Vehicle","HFHS B. longum APC1472",0.841880134933279,1,"0.8419","ns","Wilcoxon","Abundance",0.0710876216468742,7,7,"small"
"Coriobacteriaceae UCG-002","Abundance","HFHS FOS+GOS","HFHS B. longum APC1472",0.0542155482977505,1,"0.0542","ns","Wilcoxon","Abundance",0.5316576425313,7,7,"large"
"Defluviitaleaceae UCG-011","Abundance","Control Vehicle","HFHS B. longum APC1472",0.391365938307552,1,"0.3914","ns","Wilcoxon","Abundance",0.267261241912424,7,7,"small"
"Defluviitaleaceae UCG-011","Abundance","HFHS Vehicle","HFHS B. longum APC1472",0.391365938307552,1,"0.3914","ns","Wilcoxon","Abundance",0.267261241912424,7,7,"small"
"Defluviitaleaceae UCG-011","Abundance","HFHS FOS+GOS","HFHS B. longum APC1472",0.391365938307552,1,"0.3914","ns","Wilcoxon","Abundance",0.267261241912424,7,7,"small"
"Desulfovibrio","Abundance","Control Vehicle","HFHS Vehicle",0.0409135529844968,1,"0.0409","*","Wilcoxon","Abundance",0.563464915829071,7,7,"large"
"Desulfovibrio","Abundance","Control Vehicle","HFHS FOS+GOS",0.306685065904181,1,"0.3067","ns","Wilcoxon","Abundance",0.290269805124067,7,7,"small"
"Desulfovibrio","Abundance","Control Vehicle","HFHS B. longum APC1472",1,1,"1.0000","ns","Wilcoxon","Abundance",0.0170746944190628,7,7,"small"
"Desulfovibrio","Abundance","HFHS Vehicle","HFHS FOS+GOS",0.0106033453821227,1,"0.0106","*","Wilcoxon","Abundance",0.700062471181573,7,7,"large"
"Desulfovibrio","Abundance","HFHS Vehicle","HFHS B. longum APC1472",0.0966975676176362,1,"0.0967","ns","Wilcoxon","Abundance",0.461016749314695,7,7,"moderate"
"Desulfovibrio","Abundance","HFHS FOS+GOS","HFHS B. longum APC1472",0.44328852211644,1,"0.4433","ns","Wilcoxon","Abundance",0.221971027447816,7,7,"small"
"Dorea","Abundance","Control Vehicle","HFHS Vehicle",0.00666241454275431,1,"0.0067","**","Wilcoxon","Abundance",0.742415599113411,7,7,"large"
"Dorea","Abundance","Control Vehicle","HFHS FOS+GOS",0.571385579119562,1,"0.5714","ns","Wilcoxon","Abundance",0.170182223244121,7,7,"small"
"Dorea","Abundance","Control Vehicle","HFHS B. longum APC1472",0.0263134371287296,1,"0.0263","*","Wilcoxon","Abundance",0.611198182581399,7,7,"large"
"Dorea","Abundance","HFHS Vehicle","HFHS FOS+GOS",0.0526177062420697,1,"0.0526","ns","Wilcoxon","Abundance",0.535229850523622,7,7,"large"
"Dorea","Abundance","HFHS Vehicle","HFHS B. longum APC1472",0.898326787269238,1,"0.8983","ns","Wilcoxon","Abundance",0.0512240832571883,7,7,"small"
"Dorea","Abundance","HFHS FOS+GOS","HFHS B. longum APC1472",0.0673224410669377,1,"0.0673","ns","Wilcoxon","Abundance",0.50642135128173,7,7,"large"
"Dubosiella","Abundance","Control Vehicle","HFHS Vehicle",0.116844725631826,1,"0.1168","ns","Wilcoxon","Abundance",0.436570130415285,7,7,"moderate"
"Dubosiella","Abundance","Control Vehicle","HFHS FOS+GOS",0.337372543938759,1,"0.3374","ns","Wilcoxon","Abundance",0.273495820879367,7,7,"small"
"Dubosiella","Abundance","Control Vehicle","HFHS B. longum APC1472",0.360318857397493,1,"0.3603","ns","Wilcoxon","Abundance",0.261942078249171,7,7,"small"
"Dubosiella","Abundance","HFHS Vehicle","HFHS FOS+GOS",0.0893501473953888,1,"0.0894","ns","Wilcoxon","Abundance",0.471495740848508,7,7,"moderate"
"Dubosiella","Abundance","HFHS Vehicle","HFHS B. longum APC1472",0.88747257747139,1,"0.8875","ns","Wilcoxon","Abundance",0.0567274077480403,7,7,"small"
"Dubosiella","Abundance","HFHS FOS+GOS","HFHS B. longum APC1472",0.150582687845587,1,"0.1506","ns","Wilcoxon","Abundance",0.401644519982062,7,7,"moderate"
"Enterococcus","Abundance","Control Vehicle","HFHS Vehicle",1,1,"1.0000","ns","Wilcoxon","Abundance",0.0182335902277282,7,7,"small"
"Enterococcus","Abundance","Control Vehicle","HFHS FOS+GOS",0.137336880174764,1,"0.1373","ns","Wilcoxon","Abundance",0.416000990152296,7,7,"moderate"
"Enterococcus","Abundance","Control Vehicle","HFHS B. longum APC1472",1,1,"1.0000","ns","Wilcoxon","Abundance",0.0182335902277282,7,7,"small"
"Enterococcus","Abundance","HFHS Vehicle","HFHS FOS+GOS",0.371603852607153,1,"0.3716","ns","Wilcoxon","Abundance",0.258689967998569,7,7,"small"
"Enterococcus","Abundance","HFHS Vehicle","HFHS B. longum APC1472",1,1,"1.0000","ns","Wilcoxon","Abundance",0.0189091359160134,7,7,"small"
"Enterococcus","Abundance","HFHS FOS+GOS","HFHS B. longum APC1472",0.371603852607153,1,"0.3716","ns","Wilcoxon","Abundance",0.258689967998569,7,7,"small"
"Enterorhabdus","Abundance","Control Vehicle","HFHS Vehicle",0.250153007959382,1,"0.2502","ns","Wilcoxon","Abundance",0.324419193962193,7,7,"moderate"
"Enterorhabdus","Abundance","Control Vehicle","HFHS FOS+GOS",0.0636274519100849,1,"0.0636","ns","Wilcoxon","Abundance",0.512804664148813,7,7,"large"
"Enterorhabdus","Abundance","Control Vehicle","HFHS B. longum APC1472",0.0966975676176362,1,"0.0967","ns","Wilcoxon","Abundance",0.461016749314695,7,7,"moderate"
"Enterorhabdus","Abundance","HFHS Vehicle","HFHS FOS+GOS",0.00216502933303838,0.98,"0.0022","**","Wilcoxon","Abundance",0.836660026534076,7,7,"large"
"Enterorhabdus","Abundance","HFHS Vehicle","HFHS B. longum APC1472",0.609280159304103,1,"0.6093","ns","Wilcoxon","Abundance",0.153672249771565,7,7,"small"
"Enterorhabdus","Abundance","HFHS FOS+GOS","HFHS B. longum APC1472",0.00329451387658258,1,"0.0033","**","Wilcoxon","Abundance",0.80251063769595,7,7,"large"
"Erysipelatoclostridium","Abundance","Control Vehicle","HFHS Vehicle",0.00372197306710855,1,"0.0037","**","Wilcoxon","Abundance",0.794183708472564,7,7,"large"
"Erysipelatoclostridium","Abundance","Control Vehicle","HFHS FOS+GOS",0.391365938307552,1,"0.3914","ns","Wilcoxon","Abundance",0.267261241912424,7,7,"small"
"Erysipelatoclostridium","Abundance","Control Vehicle","HFHS B. longum APC1472",0.0307212324156618,1,"0.0307","*","Wilcoxon","Abundance",0.598849471616342,7,7,"large"
"Erysipelatoclostridium","Abundance","HFHS Vehicle","HFHS FOS+GOS",0.00952794618845339,1,"0.0095","**","Wilcoxon","Abundance",0.711110018881401,7,7,"large"
"Erysipelatoclostridium","Abundance","HFHS Vehicle","HFHS B. longum APC1472",0.219661528496224,1,"0.2197","ns","Wilcoxon","Abundance",0.345309580982982,7,7,"moderate"
"Erysipelatoclostridium","Abundance","HFHS FOS+GOS","HFHS B. longum APC1472",0.101414584530826,1,"0.1014","ns","Wilcoxon","Abundance",0.457682251074392,7,7,"moderate"
"Escherichia-Shigella","Abundance","Control Vehicle","HFHS Vehicle",0.476973535337081,1,"0.4770","ns","Wilcoxon","Abundance",0.213829301170535,7,7,"small"
"Escherichia-Shigella","Abundance","Control Vehicle","HFHS FOS+GOS",0.810272982684136,1,"0.8103","ns","Wilcoxon","Abundance",0.0855499245166204,7,7,"small"
"Escherichia-Shigella","Abundance","Control Vehicle","HFHS B. longum APC1472",0.881622922885814,1,"0.8816","ns","Wilcoxon","Abundance",0.0596976849227468,7,7,"small"
"Escherichia-Shigella","Abundance","HFHS Vehicle","HFHS FOS+GOS",0.593767798161571,1,"0.5938","ns","Wilcoxon","Abundance",0.166311678688194,7,7,"small"
"Escherichia-Shigella","Abundance","HFHS Vehicle","HFHS B. longum APC1472",0.200406593222455,1,"0.2004","ns","Wilcoxon","Abundance",0.363587179195637,7,7,"moderate"
"Escherichia-Shigella","Abundance","HFHS FOS+GOS","HFHS B. longum APC1472",0.371603852607153,1,"0.3716","ns","Wilcoxon","Abundance",0.258689967998569,7,7,"small"
"Faecalibaculum","Abundance","Control Vehicle","HFHS Vehicle",0.159864197547973,1,"0.1599","ns","Wilcoxon","Abundance",0.392717971638444,7,7,"moderate"
"Faecalibaculum","Abundance","Control Vehicle","HFHS FOS+GOS",0.0552849927170241,1,"0.0553","ns","Wilcoxon","Abundance",0.529315526990946,7,7,"large"
"Faecalibaculum","Abundance","Control Vehicle","HFHS B. longum APC1472",0.701478108866614,1,"0.7015","ns","Wilcoxon","Abundance",0.119522860933439,7,7,"small"
"Faecalibaculum","Abundance","HFHS Vehicle","HFHS FOS+GOS",0.798297847328526,1,"0.7983","ns","Wilcoxon","Abundance",0.0853734720953138,7,7,"small"
"Faecalibaculum","Abundance","HFHS Vehicle","HFHS B. longum APC1472",0.371093369522698,1,"0.3711","ns","Wilcoxon","Abundance",0.256120416285941,7,7,"small"
"Faecalibaculum","Abundance","HFHS FOS+GOS","HFHS B. longum APC1472",0.0552849927170241,1,"0.0553","ns","Wilcoxon","Abundance",0.529315526990946,7,7,"large"
"Family XIII AD3011 group","Abundance","Control Vehicle","HFHS Vehicle",0.137336880174764,1,"0.1373","ns","Wilcoxon","Abundance",0.416000990152296,7,7,"moderate"
"Family XIII AD3011 group","Abundance","Control Vehicle","HFHS FOS+GOS",0.172954917988421,1,"0.1730","ns","Wilcoxon","Abundance",0.392232270276368,7,7,"moderate"
"Family XIII AD3011 group","Abundance","Control Vehicle","HFHS B. longum APC1472",0.722148138236639,1,"0.7221","ns","Wilcoxon","Abundance",0.118794056205853,7,7,"small"
"Family XIII AD3011 group","Abundance","HFHS Vehicle","HFHS FOS+GOS",0.0307212324156618,1,"0.0307","*","Wilcoxon","Abundance",0.598849471616342,7,7,"large"
"Family XIII AD3011 group","Abundance","HFHS Vehicle","HFHS B. longum APC1472",0.101414584530826,1,"0.1014","ns","Wilcoxon","Abundance",0.457682251074392,7,7,"moderate"
"Family XIII AD3011 group","Abundance","HFHS FOS+GOS","HFHS B. longum APC1472",0.391365938307552,1,"0.3914","ns","Wilcoxon","Abundance",0.267261241912424,7,7,"small"
"Family XIII UCG-001","Abundance","Control Vehicle","HFHS Vehicle",0.01135734805108,1,"0.0114","*","Wilcoxon","Abundance",0.696472990765379,7,7,"large"
"Family XIII UCG-001","Abundance","Control Vehicle","HFHS FOS+GOS",0.391365938307552,1,"0.3914","ns","Wilcoxon","Abundance",0.267261241912424,7,7,"small"
"Family XIII UCG-001","Abundance","Control Vehicle","HFHS B. longum APC1472",0.0754126204649279,1,"0.0754","ns","Wilcoxon","Abundance",0.498935036064582,7,7,"moderate"
"Family XIII UCG-001","Abundance","HFHS Vehicle","HFHS FOS+GOS",0.0235711468094676,1,"0.0236","*","Wilcoxon","Abundance",0.624001485228443,7,7,"large"
"Family XIII UCG-001","Abundance","HFHS Vehicle","HFHS B. longum APC1472",0.231331945074352,1,"0.2313","ns","Wilcoxon","Abundance",0.337666202822652,7,7,"moderate"
"Family XIII UCG-001","Abundance","HFHS FOS+GOS","HFHS B. longum APC1472",0.200406593222455,1,"0.2004","ns","Wilcoxon","Abundance",0.363587179195637,7,7,"moderate"
"Fournierella","Abundance","Control Vehicle","HFHS Vehicle",0.391365938307552,1,"0.3914","ns","Wilcoxon","Abundance",0.267261241912424,7,7,"small"
"Fournierella","Abundance","Control Vehicle","HFHS FOS+GOS",1,1,"1.0000","ns","Wilcoxon","Abundance",0.0280165907340263,7,7,"small"
"Fournierella","Abundance","Control Vehicle","HFHS B. longum APC1472",0.391365938307552,1,"0.3914","ns","Wilcoxon","Abundance",0.267261241912424,7,7,"small"
"Fournierella","Abundance","HFHS Vehicle","HFHS FOS+GOS",0.391365938307552,1,"0.3914","ns","Wilcoxon","Abundance",0.267261241912424,7,7,"small"
"Fournierella","Abundance","HFHS FOS+GOS","HFHS B. longum APC1472",0.391365938307552,1,"0.3914","ns","Wilcoxon","Abundance",0.267261241912424,7,7,"small"
"GCA-900066575","Abundance","Control Vehicle","HFHS Vehicle",0.00729035809153564,1,"0.0073","**","Wilcoxon","Abundance",0.734211860019699,7,7,"large"
"GCA-900066575","Abundance","Control Vehicle","HFHS FOS+GOS",0.0208808208187003,1,"0.0209","*","Wilcoxon","Abundance",0.634559121730906,7,7,"large"
"GCA-900066575","Abundance","Control Vehicle","HFHS B. longum APC1472",0.159864197547973,1,"0.1599","ns","Wilcoxon","Abundance",0.392717971638444,7,7,"moderate"
"GCA-900066575","Abundance","HFHS Vehicle","HFHS FOS+GOS",0.00206877862166875,0.95,"0.0021","**","Wilcoxon","Abundance",0.840362080130119,7,7,"large"
"GCA-900066575","Abundance","HFHS Vehicle","HFHS B. longum APC1472",0.306685065904181,1,"0.3067","ns","Wilcoxon","Abundance",0.290269805124067,7,7,"small"
"GCA-900066575","Abundance","HFHS FOS+GOS","HFHS B. longum APC1472",0.00703559875936095,1,"0.0070","**","Wilcoxon","Abundance",0.737460600930513,7,7,"large"
"HT002","Abundance","Control Vehicle","HFHS Vehicle",0.00950435395333063,1,"0.0095","**","Wilcoxon","Abundance",0.710876216468742,7,7,"large"
"HT002","Abundance","Control Vehicle","HFHS FOS+GOS",0.0499729998820132,1,"0.0500","*","Wilcoxon","Abundance",0.541346961714953,7,7,"large"
"HT002","Abundance","Control Vehicle","HFHS B. longum APC1472",0.00635355847521916,1,"0.0064","**","Wilcoxon","Abundance",0.747577199336857,7,7,"large"
"HT002","Abundance","HFHS Vehicle","HFHS FOS+GOS",0.371603852607153,1,"0.3716","ns","Wilcoxon","Abundance",0.258689967998569,7,7,"small"
"HT002","Abundance","HFHS Vehicle","HFHS B. longum APC1472",0.476973535337081,1,"0.4770","ns","Wilcoxon","Abundance",0.213829301170535,7,7,"small"
"HT002","Abundance","HFHS FOS+GOS","HFHS B. longum APC1472",0.200406593222455,1,"0.2004","ns","Wilcoxon","Abundance",0.363587179195637,7,7,"moderate"
"Harryflintia","Abundance","Control Vehicle","HFHS Vehicle",0.60769758113011,1,"0.6077","ns","Wilcoxon","Abundance",0.15435221879941,7,7,"small"
"Harryflintia","Abundance","Control Vehicle","HFHS FOS+GOS",0.00372197306710855,1,"0.0037","**","Wilcoxon","Abundance",0.794183708472564,7,7,"large"
"Harryflintia","Abundance","Control Vehicle","HFHS B. longum APC1472",0.897879362806083,1,"0.8979","ns","Wilcoxon","Abundance",0.0514507395998032,7,7,"small"
"Harryflintia","Abundance","HFHS Vehicle","HFHS FOS+GOS",0.01135734805108,1,"0.0114","*","Wilcoxon","Abundance",0.696472990765379,7,7,"large"
"Harryflintia","Abundance","HFHS Vehicle","HFHS B. longum APC1472",0.605287362039689,1,"0.6053","ns","Wilcoxon","Abundance",0.155389311442342,7,7,"small"
"Harryflintia","Abundance","HFHS FOS+GOS","HFHS B. longum APC1472",0.01135734805108,1,"0.0114","*","Wilcoxon","Abundance",0.696472990765379,7,7,"large"
"Incertae Sedis","Abundance","Control Vehicle","HFHS Vehicle",0.609280159304103,1,"0.6093","ns","Wilcoxon","Abundance",0.153672249771565,7,7,"small"
"Incertae Sedis","Abundance","Control Vehicle","HFHS FOS+GOS",0.0296622589113772,1,"0.0297","*","Wilcoxon","Abundance",0.598272108173615,7,7,"large"
"Incertae Sedis","Abundance","Control Vehicle","HFHS B. longum APC1472",0.44328852211644,1,"0.4433","ns","Wilcoxon","Abundance",0.221971027447816,7,7,"small"
"Incertae Sedis","Abundance","HFHS Vehicle","HFHS FOS+GOS",0.0296622589113772,1,"0.0297","*","Wilcoxon","Abundance",0.598272108173615,7,7,"large"
"Incertae Sedis","Abundance","HFHS Vehicle","HFHS B. longum APC1472",0.609280159304103,1,"0.6093","ns","Wilcoxon","Abundance",0.153672249771565,7,7,"small"
"Incertae Sedis","Abundance","HFHS FOS+GOS","HFHS B. longum APC1472",0.055017327657759,1,"0.0550","ns","Wilcoxon","Abundance",0.529898152953774,7,7,"large"
"Intestinimonas","Abundance","Control Vehicle","HFHS Vehicle",0.00216502933303838,0.98,"0.0022","**","Wilcoxon","Abundance",0.836660026534076,7,7,"large"
"Intestinimonas","Abundance","Control Vehicle","HFHS FOS+GOS",0.0963309638893394,1,"0.0963","ns","Wilcoxon","Abundance",0.461524197733932,7,7,"moderate"
"Intestinimonas","Abundance","Control Vehicle","HFHS B. longum APC1472",0.0151936099774602,1,"0.0152","*","Wilcoxon","Abundance",0.665913082343448,7,7,"large"
"Intestinimonas","Abundance","HFHS Vehicle","HFHS FOS+GOS",0.00214070973158512,0.98,"0.0021","**","Wilcoxon","Abundance",0.837580951443062,7,7,"large"
"Intestinimonas","Abundance","HFHS Vehicle","HFHS B. longum APC1472",0.609280159304103,1,"0.6093","ns","Wilcoxon","Abundance",0.153672249771565,7,7,"small"
"Intestinimonas","Abundance","HFHS FOS+GOS","HFHS B. longum APC1472",0.00326029360191014,1,"0.0033","**","Wilcoxon","Abundance",0.803393973833141,7,7,"large"
"Jeotgalicoccus","Abundance","Control Vehicle","HFHS Vehicle",0.593767798161571,1,"0.5938","ns","Wilcoxon","Abundance",0.166311678688194,7,7,"small"
"Jeotgalicoccus","Abundance","Control Vehicle","HFHS FOS+GOS",0.172954917988421,1,"0.1730","ns","Wilcoxon","Abundance",0.392232270276368,7,7,"moderate"
"Jeotgalicoccus","Abundance","Control Vehicle","HFHS B. longum APC1472",0.172954917988421,1,"0.1730","ns","Wilcoxon","Abundance",0.392232270276368,7,7,"moderate"
"Jeotgalicoccus","Abundance","HFHS Vehicle","HFHS FOS+GOS",0.391365938307552,1,"0.3914","ns","Wilcoxon","Abundance",0.267261241912424,7,7,"small"
"Jeotgalicoccus","Abundance","HFHS Vehicle","HFHS B. longum APC1472",0.391365938307552,1,"0.3914","ns","Wilcoxon","Abundance",0.267261241912424,7,7,"small"
"Klebsiella","Abundance","Control Vehicle","HFHS Vehicle",0.391365938307552,1,"0.3914","ns","Wilcoxon","Abundance",0.267261241912424,7,7,"small"
"Klebsiella","Abundance","Control Vehicle","HFHS FOS+GOS",0.391365938307552,1,"0.3914","ns","Wilcoxon","Abundance",0.267261241912424,7,7,"small"
"Klebsiella","Abundance","Control Vehicle","HFHS B. longum APC1472",0.391365938307552,1,"0.3914","ns","Wilcoxon","Abundance",0.267261241912424,7,7,"small"
"Lachnoclostridium","Abundance","Control Vehicle","HFHS Vehicle",0.0214507336863221,1,"0.0215","*","Wilcoxon","Abundance",0.631763693505322,7,7,"large"
"Lachnoclostridium","Abundance","Control Vehicle","HFHS FOS+GOS",0.0214507336863221,1,"0.0215","*","Wilcoxon","Abundance",0.631763693505322,7,7,"large"
"Lachnoclostridium","Abundance","Control Vehicle","HFHS B. longum APC1472",0.0151936099774602,1,"0.0152","*","Wilcoxon","Abundance",0.665913082343448,7,7,"large"
"Lachnoclostridium","Abundance","HFHS Vehicle","HFHS FOS+GOS",0.371093369522698,1,"0.3711","ns","Wilcoxon","Abundance",0.256120416285941,7,7,"small"
"Lachnoclostridium","Abundance","HFHS Vehicle","HFHS B. longum APC1472",1,1,"1.0000","ns","Wilcoxon","Abundance",0.0170746944190628,7,7,"small"
"Lachnoclostridium","Abundance","HFHS FOS+GOS","HFHS B. longum APC1472",0.44328852211644,1,"0.4433","ns","Wilcoxon","Abundance",0.221971027447816,7,7,"small"
"Lachnospiraceae FCS020 group","Abundance","Control Vehicle","HFHS Vehicle",0.522445827201616,1,"0.5224","ns","Wilcoxon","Abundance",0.188028376854565,7,7,"small"
"Lachnospiraceae FCS020 group","Abundance","Control Vehicle","HFHS FOS+GOS",0.698305375557784,1,"0.6983","ns","Wilcoxon","Abundance",0.120858353344044,7,7,"small"
"Lachnospiraceae FCS020 group","Abundance","Control Vehicle","HFHS B. longum APC1472",0.797424741657841,1,"0.7974","ns","Wilcoxon","Abundance",0.0857512326663387,7,7,"small"
"Lachnospiraceae FCS020 group","Abundance","HFHS Vehicle","HFHS FOS+GOS",0.249632026328275,1,"0.2496","ns","Wilcoxon","Abundance",0.324776287294248,7,7,"moderate"
"Lachnospiraceae FCS020 group","Abundance","HFHS Vehicle","HFHS B. longum APC1472",0.44328852211644,1,"0.4433","ns","Wilcoxon","Abundance",0.221971027447816,7,7,"small"
"Lachnospiraceae FCS020 group","Abundance","HFHS FOS+GOS","HFHS B. longum APC1472",1,1,"1.0000","ns","Wilcoxon","Abundance",0.0171502465332677,7,7,"small"
"Lachnospiraceae NK4A136 group","Abundance","Control Vehicle","HFHS Vehicle",0.798297847328526,1,"0.7983","ns","Wilcoxon","Abundance",0.0853734720953138,7,7,"small"
"Lachnospiraceae NK4A136 group","Abundance","Control Vehicle","HFHS FOS+GOS",0.0966975676176362,1,"0.0967","ns","Wilcoxon","Abundance",0.461016749314695,7,7,"moderate"
"Lachnospiraceae NK4A136 group","Abundance","Control Vehicle","HFHS B. longum APC1472",0.371093369522698,1,"0.3711","ns","Wilcoxon","Abundance",0.256120416285941,7,7,"small"
"Lachnospiraceae NK4A136 group","Abundance","HFHS Vehicle","HFHS FOS+GOS",0.0736382701203026,1,"0.0736","ns","Wilcoxon","Abundance",0.49516613815282,7,7,"moderate"
"Lachnospiraceae NK4A136 group","Abundance","HFHS Vehicle","HFHS B. longum APC1472",0.250153007959382,1,"0.2502","ns","Wilcoxon","Abundance",0.324419193962193,7,7,"moderate"
"Lachnospiraceae NK4A136 group","Abundance","HFHS FOS+GOS","HFHS B. longum APC1472",0.250153007959382,1,"0.2502","ns","Wilcoxon","Abundance",0.324419193962193,7,7,"moderate"
"Lachnospiraceae UCG-001","Abundance","Control Vehicle","HFHS FOS+GOS",0.172954917988421,1,"0.1730","ns","Wilcoxon","Abundance",0.392232270276368,7,7,"moderate"
"Lachnospiraceae UCG-001","Abundance","HFHS Vehicle","HFHS FOS+GOS",0.172954917988421,1,"0.1730","ns","Wilcoxon","Abundance",0.392232270276368,7,7,"moderate"
"Lachnospiraceae UCG-001","Abundance","HFHS FOS+GOS","HFHS B. longum APC1472",0.172954917988421,1,"0.1730","ns","Wilcoxon","Abundance",0.392232270276368,7,7,"moderate"
"Lachnospiraceae UCG-004","Abundance","Control Vehicle","HFHS FOS+GOS",0.391365938307552,1,"0.3914","ns","Wilcoxon","Abundance",0.267261241912424,7,7,"small"
"Lachnospiraceae UCG-004","Abundance","HFHS Vehicle","HFHS FOS+GOS",0.391365938307552,1,"0.3914","ns","Wilcoxon","Abundance",0.267261241912424,7,7,"small"
"Lachnospiraceae UCG-004","Abundance","HFHS FOS+GOS","HFHS B. longum APC1472",0.391365938307552,1,"0.3914","ns","Wilcoxon","Abundance",0.267261241912424,7,7,"small"
"Lachnospiraceae UCG-006","Abundance","Control Vehicle","HFHS Vehicle",0.201336485287401,1,"0.2013","ns","Wilcoxon","Abundance",0.358568582800318,7,7,"moderate"
"Lachnospiraceae UCG-006","Abundance","Control Vehicle","HFHS FOS+GOS",0.898326787269238,1,"0.8983","ns","Wilcoxon","Abundance",0.0512240832571883,7,7,"small"
"Lachnospiraceae UCG-006","Abundance","Control Vehicle","HFHS B. longum APC1472",0.250153007959382,1,"0.2502","ns","Wilcoxon","Abundance",0.324419193962193,7,7,"moderate"
"Lachnospiraceae UCG-006","Abundance","HFHS Vehicle","HFHS FOS+GOS",0.371093369522698,1,"0.3711","ns","Wilcoxon","Abundance",0.256120416285941,7,7,"small"
"Lachnospiraceae UCG-006","Abundance","HFHS Vehicle","HFHS B. longum APC1472",0.898326787269238,1,"0.8983","ns","Wilcoxon","Abundance",0.0512240832571883,7,7,"small"
"Lachnospiraceae UCG-006","Abundance","HFHS FOS+GOS","HFHS B. longum APC1472",0.44328852211644,1,"0.4433","ns","Wilcoxon","Abundance",0.221971027447816,7,7,"small"
"Lachnospiraceae UCG-010","Abundance","Control Vehicle","HFHS Vehicle",1,1,"1.0000","ns","Wilcoxon","Abundance",0.0280165907340263,7,7,"small"
"Lachnospiraceae UCG-010","Abundance","Control Vehicle","HFHS FOS+GOS",1,1,"1.0000","ns","Wilcoxon","Abundance",0.0280165907340263,7,7,"small"
"Lachnospiraceae UCG-010","Abundance","Control Vehicle","HFHS B. longum APC1472",1,1,"1.0000","ns","Wilcoxon","Abundance",0.0280165907340263,7,7,"small"
"Lachnospiraceae UCG-010","Abundance","HFHS Vehicle","HFHS FOS+GOS",1,1,"1.0000","ns","Wilcoxon","Abundance",0.0280165907340263,7,7,"small"
"Lachnospiraceae UCG-010","Abundance","HFHS Vehicle","HFHS B. longum APC1472",1,1,"1.0000","ns","Wilcoxon","Abundance",0.0280165907340263,7,7,"small"
"Lachnospiraceae UCG-010","Abundance","HFHS FOS+GOS","HFHS B. longum APC1472",1,1,"1.0000","ns","Wilcoxon","Abundance",0.0280165907340263,7,7,"small"
"Lactobacillus","Abundance","Control Vehicle","HFHS Vehicle",0.00326029360191014,1,"0.0033","**","Wilcoxon","Abundance",0.803393973833141,7,7,"large"
"Lactobacillus","Abundance","Control Vehicle","HFHS FOS+GOS",0.609280159304103,1,"0.6093","ns","Wilcoxon","Abundance",0.153672249771565,7,7,"small"
"Lactobacillus","Abundance","Control Vehicle","HFHS B. longum APC1472",0.00296185493214668,1,"0.0030","**","Wilcoxon","Abundance",0.811477515310008,7,7,"large"
"Lactobacillus","Abundance","HFHS Vehicle","HFHS FOS+GOS",0.00326029360191014,1,"0.0033","**","Wilcoxon","Abundance",0.803393973833141,7,7,"large"
"Lactobacillus","Abundance","HFHS Vehicle","HFHS B. longum APC1472",0.424895691118472,1,"0.4249","ns","Wilcoxon","Abundance",0.231034770352341,7,7,"small"
"Lactobacillus","Abundance","HFHS FOS+GOS","HFHS B. longum APC1472",0.00976447241476862,1,"0.0098","**","Wilcoxon","Abundance",0.707884641015113,7,7,"large"
"Ligilactobacillus","Abundance","Control Vehicle","HFHS Vehicle",0.701478108866614,1,"0.7015","ns","Wilcoxon","Abundance",0.119522860933439,7,7,"small"
"Ligilactobacillus","Abundance","Control Vehicle","HFHS FOS+GOS",0.00216502933303838,0.98,"0.0022","**","Wilcoxon","Abundance",0.836660026534076,7,7,"large"
"Ligilactobacillus","Abundance","Control Vehicle","HFHS B. longum APC1472",0.371093369522698,1,"0.3711","ns","Wilcoxon","Abundance",0.256120416285941,7,7,"small"
"Ligilactobacillus","Abundance","HFHS Vehicle","HFHS FOS+GOS",0.0106033453821227,1,"0.0106","*","Wilcoxon","Abundance",0.700062471181573,7,7,"large"
"Ligilactobacillus","Abundance","HFHS Vehicle","HFHS B. longum APC1472",0.609280159304103,1,"0.6093","ns","Wilcoxon","Abundance",0.153672249771565,7,7,"small"
"Ligilactobacillus","Abundance","HFHS FOS+GOS","HFHS B. longum APC1472",0.0106033453821227,1,"0.0106","*","Wilcoxon","Abundance",0.700062471181573,7,7,"large"
"Limosilactobacillus","Abundance","Control Vehicle","HFHS Vehicle",0.00372197306710855,1,"0.0037","**","Wilcoxon","Abundance",0.794183708472564,7,7,"large"
"Limosilactobacillus","Abundance","Control Vehicle","HFHS FOS+GOS",0.00372197306710855,1,"0.0037","**","Wilcoxon","Abundance",0.794183708472564,7,7,"large"
"Limosilactobacillus","Abundance","Control Vehicle","HFHS B. longum APC1472",0.00372197306710855,1,"0.0037","**","Wilcoxon","Abundance",0.794183708472564,7,7,"large"
"Marvinbryantia","Abundance","Control Vehicle","HFHS Vehicle",1,1,"1.0000","ns","Wilcoxon","Abundance",0,7,7,"small"
"Marvinbryantia","Abundance","Control Vehicle","HFHS FOS+GOS",0.318548209782059,1,"0.3185","ns","Wilcoxon","Abundance",0.284350486587497,7,7,"small"
"Marvinbryantia","Abundance","Control Vehicle","HFHS B. longum APC1472",0.137322858274425,1,"0.1373","ns","Wilcoxon","Abundance",0.414371497179578,7,7,"moderate"
"Marvinbryantia","Abundance","HFHS Vehicle","HFHS FOS+GOS",0.641591573530442,1,"0.6416","ns","Wilcoxon","Abundance",0.142175243293748,7,7,"small"
"Marvinbryantia","Abundance","HFHS Vehicle","HFHS B. longum APC1472",0.174898279481472,1,"0.1749","ns","Wilcoxon","Abundance",0.37984053908128,7,7,"moderate"
"Marvinbryantia","Abundance","HFHS FOS+GOS","HFHS B. longum APC1472",0.746689534752692,1,"0.7467","ns","Wilcoxon","Abundance",0.103592874294895,7,7,"small"
"Merdibacter","Abundance","Control Vehicle","HFHS B. longum APC1472",0.391365938307552,1,"0.3914","ns","Wilcoxon","Abundance",0.267261241912424,7,7,"small"
"Merdibacter","Abundance","HFHS Vehicle","HFHS B. longum APC1472",0.391365938307552,1,"0.3914","ns","Wilcoxon","Abundance",0.267261241912424,7,7,"small"
"Merdibacter","Abundance","HFHS FOS+GOS","HFHS B. longum APC1472",0.391365938307552,1,"0.3914","ns","Wilcoxon","Abundance",0.267261241912424,7,7,"small"
"Monoglobus","Abundance","Control Vehicle","HFHS Vehicle",1,1,"1.0000","ns","Wilcoxon","Abundance",0.0280165907340263,7,7,"small"
"Monoglobus","Abundance","Control Vehicle","HFHS FOS+GOS",0.391365938307552,1,"0.3914","ns","Wilcoxon","Abundance",0.267261241912424,7,7,"small"
"Monoglobus","Abundance","Control Vehicle","HFHS B. longum APC1472",0.391365938307552,1,"0.3914","ns","Wilcoxon","Abundance",0.267261241912424,7,7,"small"
"Monoglobus","Abundance","HFHS Vehicle","HFHS FOS+GOS",0.391365938307552,1,"0.3914","ns","Wilcoxon","Abundance",0.267261241912424,7,7,"small"
"Monoglobus","Abundance","HFHS Vehicle","HFHS B. longum APC1472",0.391365938307552,1,"0.3914","ns","Wilcoxon","Abundance",0.267261241912424,7,7,"small"
"Mucispirillum","Abundance","Control Vehicle","HFHS Vehicle",0.0409135529844968,1,"0.0409","*","Wilcoxon","Abundance",0.563464915829071,7,7,"large"
"Mucispirillum","Abundance","Control Vehicle","HFHS FOS+GOS",1,1,"1.0000","ns","Wilcoxon","Abundance",0.0170746944190628,7,7,"small"
"Mucispirillum","Abundance","Control Vehicle","HFHS B. longum APC1472",0.159864197547973,1,"0.1599","ns","Wilcoxon","Abundance",0.392717971638444,7,7,"moderate"
"Mucispirillum","Abundance","HFHS Vehicle","HFHS FOS+GOS",0.0552849927170241,1,"0.0553","ns","Wilcoxon","Abundance",0.529315526990946,7,7,"large"
"Mucispirillum","Abundance","HFHS Vehicle","HFHS B. longum APC1472",0.306685065904181,1,"0.3067","ns","Wilcoxon","Abundance",0.290269805124067,7,7,"small"
"Mucispirillum","Abundance","HFHS FOS+GOS","HFHS B. longum APC1472",0.159864197547973,1,"0.1599","ns","Wilcoxon","Abundance",0.392717971638444,7,7,"moderate"
"Muribaculum","Abundance","Control Vehicle","HFHS Vehicle",0.391365938307552,1,"0.3914","ns","Wilcoxon","Abundance",0.267261241912424,7,7,"small"
"Muribaculum","Abundance","Control Vehicle","HFHS FOS+GOS",0.0235711468094676,1,"0.0236","*","Wilcoxon","Abundance",0.624001485228443,7,7,"large"
"Muribaculum","Abundance","Control Vehicle","HFHS B. longum APC1472",0.391365938307552,1,"0.3914","ns","Wilcoxon","Abundance",0.267261241912424,7,7,"small"
"Muribaculum","Abundance","HFHS Vehicle","HFHS FOS+GOS",0.01135734805108,1,"0.0114","*","Wilcoxon","Abundance",0.696472990765379,7,7,"large"
"Muribaculum","Abundance","HFHS FOS+GOS","HFHS B. longum APC1472",0.01135734805108,1,"0.0114","*","Wilcoxon","Abundance",0.696472990765379,7,7,"large"
"NK4A214 group","Abundance","Control Vehicle","HFHS Vehicle",0.456537184709825,1,"0.4565","ns","Wilcoxon","Abundance",0.218891511383405,7,7,"small"
"NK4A214 group","Abundance","Control Vehicle","HFHS FOS+GOS",0.172417503503138,1,"0.1724","ns","Wilcoxon","Abundance",0.382905394782293,7,7,"moderate"
"NK4A214 group","Abundance","Control Vehicle","HFHS B. longum APC1472",0.722148138236639,1,"0.7221","ns","Wilcoxon","Abundance",0.118794056205853,7,7,"small"
"NK4A214 group","Abundance","HFHS Vehicle","HFHS FOS+GOS",0.894199104484157,1,"0.8942","ns","Wilcoxon","Abundance",0.0533157162351557,7,7,"small"
"NK4A214 group","Abundance","HFHS Vehicle","HFHS B. longum APC1472",0.336906503648492,1,"0.3369","ns","Wilcoxon","Abundance",0.278037254679016,7,7,"small"
"NK4A214 group","Abundance","HFHS FOS+GOS","HFHS B. longum APC1472",0.0895009308722635,1,"0.0895","ns","Wilcoxon","Abundance",0.472728397900336,7,7,"moderate"
"Negativibacillus","Abundance","Control Vehicle","HFHS Vehicle",0.0754126204649279,1,"0.0754","ns","Wilcoxon","Abundance",0.498935036064582,7,7,"moderate"
"Negativibacillus","Abundance","Control Vehicle","HFHS B. longum APC1472",0.01135734805108,1,"0.0114","*","Wilcoxon","Abundance",0.696472990765379,7,7,"large"
"Negativibacillus","Abundance","HFHS Vehicle","HFHS FOS+GOS",0.0754126204649279,1,"0.0754","ns","Wilcoxon","Abundance",0.498935036064582,7,7,"moderate"
"Negativibacillus","Abundance","HFHS Vehicle","HFHS B. longum APC1472",0.689909203249476,1,"0.6899","ns","Wilcoxon","Abundance",0.12440333788203,7,7,"small"
"Negativibacillus","Abundance","HFHS FOS+GOS","HFHS B. longum APC1472",0.01135734805108,1,"0.0114","*","Wilcoxon","Abundance",0.696472990765379,7,7,"large"
"Odoribacter","Abundance","Control Vehicle","HFHS Vehicle",0.0552849927170241,1,"0.0553","ns","Wilcoxon","Abundance",0.529315526990946,7,7,"large"
"Odoribacter","Abundance","Control Vehicle","HFHS FOS+GOS",0.00216502933303838,0.98,"0.0022","**","Wilcoxon","Abundance",0.836660026534076,7,7,"large"
"Odoribacter","Abundance","Control Vehicle","HFHS B. longum APC1472",0.0106033453821227,1,"0.0106","*","Wilcoxon","Abundance",0.700062471181573,7,7,"large"
"Odoribacter","Abundance","HFHS Vehicle","HFHS FOS+GOS",0.0106033453821227,1,"0.0106","*","Wilcoxon","Abundance",0.700062471181573,7,7,"large"
"Odoribacter","Abundance","HFHS Vehicle","HFHS B. longum APC1472",1,1,"1.0000","ns","Wilcoxon","Abundance",0.0170746944190628,7,7,"small"
"Odoribacter","Abundance","HFHS FOS+GOS","HFHS B. longum APC1472",0.00729035809153564,1,"0.0073","**","Wilcoxon","Abundance",0.734211860019699,7,7,"large"
"Oscillibacter","Abundance","Control Vehicle","HFHS Vehicle",0.00493790547090731,1,"0.0049","**","Wilcoxon","Abundance",0.768361248857824,7,7,"large"
"Oscillibacter","Abundance","Control Vehicle","HFHS FOS+GOS",0.44328852211644,1,"0.4433","ns","Wilcoxon","Abundance",0.221971027447816,7,7,"small"
"Oscillibacter","Abundance","Control Vehicle","HFHS B. longum APC1472",0.0552849927170241,1,"0.0553","ns","Wilcoxon","Abundance",0.529315526990946,7,7,"large"
"Oscillibacter","Abundance","HFHS Vehicle","HFHS FOS+GOS",0.0151936099774602,1,"0.0152","*","Wilcoxon","Abundance",0.665913082343448,7,7,"large"
"Oscillibacter","Abundance","HFHS Vehicle","HFHS B. longum APC1472",0.701478108866614,1,"0.7015","ns","Wilcoxon","Abundance",0.119522860933439,7,7,"small"
"Oscillibacter","Abundance","HFHS FOS+GOS","HFHS B. longum APC1472",0.0214507336863221,1,"0.0215","*","Wilcoxon","Abundance",0.631763693505322,7,7,"large"
"Paludicola","Abundance","Control Vehicle","HFHS Vehicle",0.476973535337081,1,"0.4770","ns","Wilcoxon","Abundance",0.213829301170535,7,7,"small"
"Paludicola","Abundance","Control Vehicle","HFHS FOS+GOS",0.391365938307552,1,"0.3914","ns","Wilcoxon","Abundance",0.267261241912424,7,7,"small"
"Paludicola","Abundance","Control Vehicle","HFHS B. longum APC1472",1,1,"1.0000","ns","Wilcoxon","Abundance",0.0280165907340263,7,7,"small"
"Paludicola","Abundance","HFHS Vehicle","HFHS FOS+GOS",0.172954917988421,1,"0.1730","ns","Wilcoxon","Abundance",0.392232270276368,7,7,"moderate"
"Paludicola","Abundance","HFHS Vehicle","HFHS B. longum APC1472",0.476973535337081,1,"0.4770","ns","Wilcoxon","Abundance",0.213829301170535,7,7,"small"
"Paludicola","Abundance","HFHS FOS+GOS","HFHS B. longum APC1472",0.391365938307552,1,"0.3914","ns","Wilcoxon","Abundance",0.267261241912424,7,7,"small"
"Parabacteroides","Abundance","Control Vehicle","HFHS Vehicle",0.0552849927170241,1,"0.0553","ns","Wilcoxon","Abundance",0.529315526990946,7,7,"large"
"Parabacteroides","Abundance","Control Vehicle","HFHS FOS+GOS",0.219661528496224,1,"0.2197","ns","Wilcoxon","Abundance",0.345309580982982,7,7,"moderate"
"Parabacteroides","Abundance","Control Vehicle","HFHS B. longum APC1472",0.125201029610315,1,"0.1252","ns","Wilcoxon","Abundance",0.426867360476569,7,7,"moderate"
"Parabacteroides","Abundance","HFHS Vehicle","HFHS FOS+GOS",0.0400288484634404,1,"0.0400","*","Wilcoxon","Abundance",0.565958135597835,7,7,"large"
"Parabacteroides","Abundance","HFHS Vehicle","HFHS B. longum APC1472",0.371093369522698,1,"0.3711","ns","Wilcoxon","Abundance",0.256120416285941,7,7,"small"
"Parabacteroides","Abundance","HFHS FOS+GOS","HFHS B. longum APC1472",0.0952305929614821,1,"0.0952","ns","Wilcoxon","Abundance",0.463056656398229,7,7,"moderate"
"Parasutterella","Abundance","Control Vehicle","HFHS Vehicle",0.891467370962664,1,"0.8915","ns","Wilcoxon","Abundance",0.0547007706831847,7,7,"small"
"Parasutterella","Abundance","Control Vehicle","HFHS FOS+GOS",0.00315890713941138,1,"0.0032","**","Wilcoxon","Abundance",0.806061587063584,7,7,"large"
"Parasutterella","Abundance","Control Vehicle","HFHS B. longum APC1472",0.191281772131877,1,"0.1913","ns","Wilcoxon","Abundance",0.366718909548839,7,7,"moderate"
"Parasutterella","Abundance","HFHS Vehicle","HFHS FOS+GOS",0.0200370024458742,1,"0.0200","*","Wilcoxon","Abundance",0.638822724818517,7,7,"large"
"Parasutterella","Abundance","HFHS Vehicle","HFHS B. longum APC1472",0.594746046908559,1,"0.5947","ns","Wilcoxon","Abundance",0.159947148705467,7,7,"small"
"Parasutterella","Abundance","HFHS FOS+GOS","HFHS B. longum APC1472",0.0213077106716282,1,"0.0213","*","Wilcoxon","Abundance",0.632459085783536,7,7,"large"
"Parvibacter","Abundance","Control Vehicle","HFHS Vehicle",0.391365938307552,1,"0.3914","ns","Wilcoxon","Abundance",0.267261241912424,7,7,"small"
"Parvibacter","Abundance","Control Vehicle","HFHS FOS+GOS",0.0307212324156618,1,"0.0307","*","Wilcoxon","Abundance",0.598849471616342,7,7,"large"
"Parvibacter","Abundance","HFHS Vehicle","HFHS FOS+GOS",0.180177178076127,1,"0.1802","ns","Wilcoxon","Abundance",0.378085337844063,7,7,"moderate"
"Parvibacter","Abundance","HFHS Vehicle","HFHS B. longum APC1472",0.391365938307552,1,"0.3914","ns","Wilcoxon","Abundance",0.267261241912424,7,7,"small"
"Parvibacter","Abundance","HFHS FOS+GOS","HFHS B. longum APC1472",0.0307212324156618,1,"0.0307","*","Wilcoxon","Abundance",0.598849471616342,7,7,"large"
"Peptococcus","Abundance","Control Vehicle","HFHS Vehicle",0.0213077106716282,1,"0.0213","*","Wilcoxon","Abundance",0.632459085783536,7,7,"large"
"Peptococcus","Abundance","Control Vehicle","HFHS FOS+GOS",0.0406860336597602,1,"0.0407","*","Wilcoxon","Abundance",0.565241297059575,7,7,"large"
"Peptococcus","Abundance","Control Vehicle","HFHS B. longum APC1472",0.249632026328275,1,"0.2496","ns","Wilcoxon","Abundance",0.324776287294248,7,7,"moderate"
"Peptococcus","Abundance","HFHS Vehicle","HFHS FOS+GOS",0.00171087065119597,0.79,"0.0017","**","Wilcoxon","Abundance",0.855677455613958,7,7,"large"
"Peptococcus","Abundance","HFHS Vehicle","HFHS B. longum APC1472",0.798297847328526,1,"0.7983","ns","Wilcoxon","Abundance",0.0853734720953138,7,7,"small"
"Peptococcus","Abundance","HFHS FOS+GOS","HFHS B. longum APC1472",0.00265029211979326,1,"0.0027","**","Wilcoxon","Abundance",0.820751845180735,7,7,"large"
"Rikenella","Abundance","Control Vehicle","HFHS Vehicle",0.0736382701203026,1,"0.0736","ns","Wilcoxon","Abundance",0.49516613815282,7,7,"moderate"
"Rikenella","Abundance","Control Vehicle","HFHS FOS+GOS",0.00206877862166875,0.95,"0.0021","**","Wilcoxon","Abundance",0.840362080130119,7,7,"large"
"Rikenella","Abundance","Control Vehicle","HFHS B. longum APC1472",0.250153007959382,1,"0.2502","ns","Wilcoxon","Abundance",0.324419193962193,7,7,"moderate"
"Rikenella","Abundance","HFHS Vehicle","HFHS FOS+GOS",0.0208808208187003,1,"0.0209","*","Wilcoxon","Abundance",0.634559121730906,7,7,"large"
"Rikenella","Abundance","HFHS Vehicle","HFHS B. longum APC1472",0.701478108866614,1,"0.7015","ns","Wilcoxon","Abundance",0.119522860933439,7,7,"small"
"Rikenella","Abundance","HFHS FOS+GOS","HFHS B. longum APC1472",0.00703559875936095,1,"0.0070","**","Wilcoxon","Abundance",0.737460600930513,7,7,"large"
"Rikenellaceae RC9 gut group","Abundance","Control Vehicle","HFHS Vehicle",0.609280159304103,1,"0.6093","ns","Wilcoxon","Abundance",0.153672249771565,7,7,"small"
"Rikenellaceae RC9 gut group","Abundance","Control Vehicle","HFHS FOS+GOS",0.00214070973158512,0.98,"0.0021","**","Wilcoxon","Abundance",0.837580951443062,7,7,"large"
"Rikenellaceae RC9 gut group","Abundance","Control Vehicle","HFHS B. longum APC1472",0.44328852211644,1,"0.4433","ns","Wilcoxon","Abundance",0.221971027447816,7,7,"small"
"Rikenellaceae RC9 gut group","Abundance","HFHS Vehicle","HFHS FOS+GOS",0.00214070973158512,0.98,"0.0021","**","Wilcoxon","Abundance",0.837580951443062,7,7,"large"
"Rikenellaceae RC9 gut group","Abundance","HFHS Vehicle","HFHS B. longum APC1472",0.44328852211644,1,"0.4433","ns","Wilcoxon","Abundance",0.221971027447816,7,7,"small"
"Rikenellaceae RC9 gut group","Abundance","HFHS FOS+GOS","HFHS B. longum APC1472",0.00214070973158512,0.98,"0.0021","**","Wilcoxon","Abundance",0.837580951443062,7,7,"large"
"Romboutsia","Abundance","Control Vehicle","HFHS Vehicle",0.00404088025979272,1,"0.0040","**","Wilcoxon","Abundance",0.785826234747513,7,7,"large"
"Romboutsia","Abundance","Control Vehicle","HFHS FOS+GOS",0.593767798161571,1,"0.5938","ns","Wilcoxon","Abundance",0.166311678688194,7,7,"small"
"Romboutsia","Abundance","Control Vehicle","HFHS B. longum APC1472",0.00950435395333063,1,"0.0095","**","Wilcoxon","Abundance",0.710876216468742,7,7,"large"
"Romboutsia","Abundance","HFHS Vehicle","HFHS FOS+GOS",0.00141376326491381,0.65,"0.0014","**","Wilcoxon","Abundance",0.870823365174209,7,7,"large"
"Romboutsia","Abundance","HFHS Vehicle","HFHS B. longum APC1472",0.306685065904181,1,"0.3067","ns","Wilcoxon","Abundance",0.290269805124067,7,7,"small"
"Romboutsia","Abundance","HFHS FOS+GOS","HFHS B. longum APC1472",0.00635355847521916,1,"0.0064","**","Wilcoxon","Abundance",0.747577199336857,7,7,"large"
"Roseburia","Abundance","Control Vehicle","HFHS Vehicle",0.00216502933303838,0.98,"0.0022","**","Wilcoxon","Abundance",0.836660026534076,7,7,"large"
"Roseburia","Abundance","Control Vehicle","HFHS FOS+GOS",0.700221056940895,1,"0.7002","ns","Wilcoxon","Abundance",0.120051725732874,7,7,"small"
"Roseburia","Abundance","Control Vehicle","HFHS B. longum APC1472",0.250153007959382,1,"0.2502","ns","Wilcoxon","Abundance",0.324419193962193,7,7,"moderate"
"Roseburia","Abundance","HFHS Vehicle","HFHS FOS+GOS",0.00214070973158512,0.98,"0.0021","**","Wilcoxon","Abundance",0.837580951443062,7,7,"large"
"Roseburia","Abundance","HFHS Vehicle","HFHS B. longum APC1472",0.0552849927170241,1,"0.0553","ns","Wilcoxon","Abundance",0.529315526990946,7,7,"large"
"Roseburia","Abundance","HFHS FOS+GOS","HFHS B. longum APC1472",0.0963309638893394,1,"0.0963","ns","Wilcoxon","Abundance",0.461524197733932,7,7,"moderate"
"Ruminococcus","Abundance","Control Vehicle","HFHS FOS+GOS",0.172954917988421,1,"0.1730","ns","Wilcoxon","Abundance",0.392232270276368,7,7,"moderate"
"Ruminococcus","Abundance","HFHS Vehicle","HFHS FOS+GOS",0.172954917988421,1,"0.1730","ns","Wilcoxon","Abundance",0.392232270276368,7,7,"moderate"
"Ruminococcus","Abundance","HFHS FOS+GOS","HFHS B. longum APC1472",0.172954917988421,1,"0.1730","ns","Wilcoxon","Abundance",0.392232270276368,7,7,"moderate"
"Sporosarcina","Abundance","Control Vehicle","HFHS Vehicle",0.391365938307552,1,"0.3914","ns","Wilcoxon","Abundance",0.267261241912424,7,7,"small"
"Sporosarcina","Abundance","Control Vehicle","HFHS FOS+GOS",0.391365938307552,1,"0.3914","ns","Wilcoxon","Abundance",0.267261241912424,7,7,"small"
"Sporosarcina","Abundance","Control Vehicle","HFHS B. longum APC1472",0.391365938307552,1,"0.3914","ns","Wilcoxon","Abundance",0.267261241912424,7,7,"small"
"Staphylococcus","Abundance","Control Vehicle","HFHS Vehicle",0.116844725631826,1,"0.1168","ns","Wilcoxon","Abundance",0.436570130415285,7,7,"moderate"
"Staphylococcus","Abundance","Control Vehicle","HFHS FOS+GOS",0.262566868826036,1,"0.2626","ns","Wilcoxon","Abundance",0.320812216937326,7,7,"moderate"
"Staphylococcus","Abundance","Control Vehicle","HFHS B. longum APC1472",0.689909203249476,1,"0.6899","ns","Wilcoxon","Abundance",0.12440333788203,7,7,"small"
"Staphylococcus","Abundance","HFHS Vehicle","HFHS FOS+GOS",0.0140470283674153,1,"0.0140","*","Wilcoxon","Abundance",0.674642838425944,7,7,"large"
"Staphylococcus","Abundance","HFHS Vehicle","HFHS B. longum APC1472",0.199349546367441,1,"0.1993","ns","Wilcoxon","Abundance",0.360155177198622,7,7,"moderate"
"Staphylococcus","Abundance","HFHS FOS+GOS","HFHS B. longum APC1472",0.0895009308722635,1,"0.0895","ns","Wilcoxon","Abundance",0.472728397900336,7,7,"moderate"
"Stenotrophomonas","Abundance","Control Vehicle","HFHS B. longum APC1472",0.391365938307552,1,"0.3914","ns","Wilcoxon","Abundance",0.267261241912424,7,7,"small"
"Stenotrophomonas","Abundance","HFHS Vehicle","HFHS B. longum APC1472",0.391365938307552,1,"0.3914","ns","Wilcoxon","Abundance",0.267261241912424,7,7,"small"
"Stenotrophomonas","Abundance","HFHS FOS+GOS","HFHS B. longum APC1472",0.391365938307552,1,"0.3914","ns","Wilcoxon","Abundance",0.267261241912424,7,7,"small"
"Streptococcus","Abundance","Control Vehicle","HFHS Vehicle",0.946982638750123,1,"0.9470","ns","Wilcoxon","Abundance",0.0355438108234371,7,7,"small"
"Streptococcus","Abundance","Control Vehicle","HFHS FOS+GOS",0.0307212324156618,1,"0.0307","*","Wilcoxon","Abundance",0.598849471616342,7,7,"large"
"Streptococcus","Abundance","Control Vehicle","HFHS B. longum APC1472",1,1,"1.0000","ns","Wilcoxon","Abundance",0.0182335902277282,7,7,"small"
"Streptococcus","Abundance","HFHS Vehicle","HFHS FOS+GOS",0.0307212324156618,1,"0.0307","*","Wilcoxon","Abundance",0.598849471616342,7,7,"large"
"Streptococcus","Abundance","HFHS Vehicle","HFHS B. longum APC1472",0.891467370962664,1,"0.8915","ns","Wilcoxon","Abundance",0.0547007706831847,7,7,"small"
"Streptococcus","Abundance","HFHS FOS+GOS","HFHS B. longum APC1472",0.0754126204649279,1,"0.0754","ns","Wilcoxon","Abundance",0.498935036064582,7,7,"moderate"
"Turicibacter","Abundance","Control Vehicle","HFHS Vehicle",0.44328852211644,1,"0.4433","ns","Wilcoxon","Abundance",0.221971027447816,7,7,"small"
"Turicibacter","Abundance","Control Vehicle","HFHS FOS+GOS",0.019945403395459,1,"0.0199","*","Wilcoxon","Abundance",0.639788594821868,7,7,"large"
"Turicibacter","Abundance","Control Vehicle","HFHS B. longum APC1472",0.304549716687414,1,"0.3045","ns","Wilcoxon","Abundance",0.291554191065552,7,7,"small"
"Turicibacter","Abundance","HFHS Vehicle","HFHS FOS+GOS",0.00895956001760788,1,"0.0090","**","Wilcoxon","Abundance",0.715975013881067,7,7,"large"
"Turicibacter","Abundance","HFHS Vehicle","HFHS B. longum APC1472",0.798080629458299,1,"0.7981","ns","Wilcoxon","Abundance",0.0854674440248022,7,7,"small"
"Turicibacter","Abundance","HFHS FOS+GOS","HFHS B. longum APC1472",0.0560987502411349,1,"0.0561","ns","Wilcoxon","Abundance",0.528774116604119,7,7,"large"
"Tuzzerella","Abundance","Control Vehicle","HFHS Vehicle",0.0214507336863221,1,"0.0215","*","Wilcoxon","Abundance",0.631763693505322,7,7,"large"
"Tuzzerella","Abundance","Control Vehicle","HFHS FOS+GOS",0.00296185493214668,1,"0.0030","**","Wilcoxon","Abundance",0.811477515310008,7,7,"large"
"Tuzzerella","Abundance","Control Vehicle","HFHS B. longum APC1472",0.125201029610315,1,"0.1252","ns","Wilcoxon","Abundance",0.426867360476569,7,7,"moderate"
"Tuzzerella","Abundance","HFHS Vehicle","HFHS FOS+GOS",0.00192951452998338,0.89,"0.0019","**","Wilcoxon","Abundance",0.846008473408306,7,7,"large"
"Tuzzerella","Abundance","HFHS Vehicle","HFHS B. longum APC1472",0.798297847328526,1,"0.7983","ns","Wilcoxon","Abundance",0.0853734720953138,7,7,"small"
"Tuzzerella","Abundance","HFHS FOS+GOS","HFHS B. longum APC1472",0.00296185493214668,1,"0.0030","**","Wilcoxon","Abundance",0.811477515310008,7,7,"large"
"UBA1819","Abundance","Control Vehicle","HFHS Vehicle",0.522903234512671,1,"0.5229","ns","Wilcoxon","Abundance",0.18782163860969,7,7,"small"
"UBA1819","Abundance","Control Vehicle","HFHS FOS+GOS",0.00265029211979326,1,"0.0027","**","Wilcoxon","Abundance",0.820751845180735,7,7,"large"
"UBA1819","Abundance","Control Vehicle","HFHS B. longum APC1472",0.898326787269238,1,"0.8983","ns","Wilcoxon","Abundance",0.0512240832571883,7,7,"small"
"UBA1819","Abundance","HFHS Vehicle","HFHS FOS+GOS",0.0263134371287296,1,"0.0263","*","Wilcoxon","Abundance",0.611198182581399,7,7,"large"
"UBA1819","Abundance","HFHS Vehicle","HFHS B. longum APC1472",0.701478108866614,1,"0.7015","ns","Wilcoxon","Abundance",0.119522860933439,7,7,"small"
"UBA1819","Abundance","HFHS FOS+GOS","HFHS B. longum APC1472",0.00404088025979272,1,"0.0040","**","Wilcoxon","Abundance",0.785826234747513,7,7,"large"
"UCG-003","Abundance","Control Vehicle","HFHS Vehicle",0.593767798161571,1,"0.5938","ns","Wilcoxon","Abundance",0.166311678688194,7,7,"small"
"UCG-003","Abundance","Control Vehicle","HFHS FOS+GOS",0.172954917988421,1,"0.1730","ns","Wilcoxon","Abundance",0.392232270276368,7,7,"moderate"
"UCG-003","Abundance","Control Vehicle","HFHS B. longum APC1472",0.172954917988421,1,"0.1730","ns","Wilcoxon","Abundance",0.392232270276368,7,7,"moderate"
"UCG-003","Abundance","HFHS Vehicle","HFHS FOS+GOS",0.391365938307552,1,"0.3914","ns","Wilcoxon","Abundance",0.267261241912424,7,7,"small"
"UCG-003","Abundance","HFHS Vehicle","HFHS B. longum APC1472",0.391365938307552,1,"0.3914","ns","Wilcoxon","Abundance",0.267261241912424,7,7,"small"
"UCG-005","Abundance","Control Vehicle","HFHS Vehicle",0.0754126204649279,1,"0.0754","ns","Wilcoxon","Abundance",0.498935036064582,7,7,"moderate"
"UCG-005","Abundance","Control Vehicle","HFHS B. longum APC1472",0.172954917988421,1,"0.1730","ns","Wilcoxon","Abundance",0.392232270276368,7,7,"moderate"
"UCG-005","Abundance","HFHS Vehicle","HFHS FOS+GOS",0.0754126204649279,1,"0.0754","ns","Wilcoxon","Abundance",0.498935036064582,7,7,"moderate"
"UCG-005","Abundance","HFHS Vehicle","HFHS B. longum APC1472",0.551409897694288,1,"0.5514","ns","Wilcoxon","Abundance",0.17909305476824,7,7,"small"
"UCG-005","Abundance","HFHS FOS+GOS","HFHS B. longum APC1472",0.172954917988421,1,"0.1730","ns","Wilcoxon","Abundance",0.392232270276368,7,7,"moderate"
"UCG-009","Abundance","Control Vehicle","HFHS Vehicle",0.306685065904181,1,"0.3067","ns","Wilcoxon","Abundance",0.290269805124067,7,7,"small"
"UCG-009","Abundance","Control Vehicle","HFHS FOS+GOS",0.00105757508393252,0.49,"0.0011","**","Wilcoxon","Abundance",0.893445921158683,7,7,"large"
"UCG-009","Abundance","Control Vehicle","HFHS B. longum APC1472",0.201336485287401,1,"0.2013","ns","Wilcoxon","Abundance",0.358568582800318,7,7,"moderate"
"UCG-009","Abundance","HFHS Vehicle","HFHS FOS+GOS",0.00105757508393252,0.49,"0.0011","**","Wilcoxon","Abundance",0.893445921158683,7,7,"large"
"UCG-009","Abundance","HFHS Vehicle","HFHS B. longum APC1472",1,1,"1.0000","ns","Wilcoxon","Abundance",0.0170746944190628,7,7,"small"
"UCG-009","Abundance","HFHS FOS+GOS","HFHS B. longum APC1472",0.00105757508393252,0.49,"0.0011","**","Wilcoxon","Abundance",0.893445921158683,7,7,"large"
"[Eubacterium] brachy group","Abundance","Control Vehicle","HFHS Vehicle",0.360318857397493,1,"0.3603","ns","Wilcoxon","Abundance",0.261942078249171,7,7,"small"
"[Eubacterium] brachy group","Abundance","Control Vehicle","HFHS FOS+GOS",1,1,"1.0000","ns","Wilcoxon","Abundance",0.0198992283075823,7,7,"small"
"[Eubacterium] brachy group","Abundance","Control Vehicle","HFHS B. longum APC1472",0.438210802482523,1,"0.4382","ns","Wilcoxon","Abundance",0.224451227638938,7,7,"small"
"[Eubacterium] brachy group","Abundance","HFHS Vehicle","HFHS FOS+GOS",0.258291507562468,1,"0.2583","ns","Wilcoxon","Abundance",0.319894297410934,7,7,"moderate"
"[Eubacterium] brachy group","Abundance","HFHS Vehicle","HFHS B. longum APC1472",0.701478108866614,1,"0.7015","ns","Wilcoxon","Abundance",0.119522860933439,7,7,"small"
"[Eubacterium] brachy group","Abundance","HFHS FOS+GOS","HFHS B. longum APC1472",0.116844725631826,1,"0.1168","ns","Wilcoxon","Abundance",0.436570130415285,7,7,"moderate"
"[Eubacterium] nodatum group","Abundance","Control Vehicle","HFHS Vehicle",0.172954917988421,1,"0.1730","ns","Wilcoxon","Abundance",0.392232270276368,7,7,"moderate"
"[Eubacterium] nodatum group","Abundance","Control Vehicle","HFHS FOS+GOS",0.391365938307552,1,"0.3914","ns","Wilcoxon","Abundance",0.267261241912424,7,7,"small"
"[Eubacterium] nodatum group","Abundance","Control Vehicle","HFHS B. longum APC1472",0.391365938307552,1,"0.3914","ns","Wilcoxon","Abundance",0.267261241912424,7,7,"small"
"[Eubacterium] nodatum group","Abundance","HFHS Vehicle","HFHS FOS+GOS",0.476973535337081,1,"0.4770","ns","Wilcoxon","Abundance",0.213829301170535,7,7,"small"
"[Eubacterium] nodatum group","Abundance","HFHS Vehicle","HFHS B. longum APC1472",0.593767798161571,1,"0.5938","ns","Wilcoxon","Abundance",0.166311678688194,7,7,"small"
"[Eubacterium] nodatum group","Abundance","HFHS FOS+GOS","HFHS B. longum APC1472",1,1,"1.0000","ns","Wilcoxon","Abundance",0.0280165907340263,7,7,"small"
"[Eubacterium] oxidoreducens group","Abundance","Control Vehicle","HFHS Vehicle",0.391365938307552,1,"0.3914","ns","Wilcoxon","Abundance",0.267261241912424,7,7,"small"
"[Eubacterium] oxidoreducens group","Abundance","Control Vehicle","HFHS FOS+GOS",0.391365938307552,1,"0.3914","ns","Wilcoxon","Abundance",0.267261241912424,7,7,"small"
"[Eubacterium] oxidoreducens group","Abundance","Control Vehicle","HFHS B. longum APC1472",1,1,"1.0000","ns","Wilcoxon","Abundance",0.0280165907340263,7,7,"small"
"[Eubacterium] oxidoreducens group","Abundance","HFHS Vehicle","HFHS B. longum APC1472",0.391365938307552,1,"0.3914","ns","Wilcoxon","Abundance",0.267261241912424,7,7,"small"
"[Eubacterium] oxidoreducens group","Abundance","HFHS FOS+GOS","HFHS B. longum APC1472",0.391365938307552,1,"0.3914","ns","Wilcoxon","Abundance",0.267261241912424,7,7,"small"
"[Eubacterium] xylanophilum group","Abundance","Control Vehicle","HFHS Vehicle",0.391365938307552,1,"0.3914","ns","Wilcoxon","Abundance",0.267261241912424,7,7,"small"
"[Eubacterium] xylanophilum group","Abundance","Control Vehicle","HFHS B. longum APC1472",0.172954917988421,1,"0.1730","ns","Wilcoxon","Abundance",0.392232270276368,7,7,"moderate"
"[Eubacterium] xylanophilum group","Abundance","HFHS Vehicle","HFHS FOS+GOS",0.391365938307552,1,"0.3914","ns","Wilcoxon","Abundance",0.267261241912424,7,7,"small"
"[Eubacterium] xylanophilum group","Abundance","HFHS Vehicle","HFHS B. longum APC1472",0.722148138236639,1,"0.7221","ns","Wilcoxon","Abundance",0.118794056205853,7,7,"small"
"[Eubacterium] xylanophilum group","Abundance","HFHS FOS+GOS","HFHS B. longum APC1472",0.172954917988421,1,"0.1730","ns","Wilcoxon","Abundance",0.392232270276368,7,7,"moderate"
